Region Name	Region Type	Data Type	Apr-10	May-10	Jun-10	Jul-10	Aug-10	Sep-10	Oct-10	Nov-10	Dec-10	Jan-11	Feb-11	Mar-11	Apr-11	May-11	Jun-11	Jul-11	Aug-11	Sep-11	Oct-11	Nov-11	Dec-11	Jan-12	Feb-12	Mar-12	Apr-12	May-12	Jun-12	Jul-12	Aug-12	Sep-12	Oct-12	Nov-12	Dec-12	Jan-13	Feb-13	Mar-13	Apr-13	May-13	Jun-13	Jul-13	Aug-13	Sep-13	Oct-13	Nov-13	Dec-13	Jan-14	Feb-14	Mar-14	Apr-14	May-14	Jun-14	Jul-14	Aug-14	Sep-14	Oct-14	Nov-14	Dec-14	Jan-15	Feb-15	Mar-15	Apr-15	May-15	Jun-15	Jul-15	Aug-15	Sep-15	Oct-15	Nov-15	Dec-15	Jan-16	Feb-16	Mar-16	Apr-16	May-16	Jun-16	Jul-16	Aug-16	Sep-16	Oct-16	Nov-16	Dec-16	Jan-17	Feb-17	Mar-17	Apr-17	May-17	Jun-17	Jul-17	Aug-17	Sep-17	Oct-17	Nov-17	Dec-17	Jan-18	Feb-18	Mar-18	Apr-18	May-18	Jun-18	Jul-18	Aug-18	Sep-18	Oct-18	Nov-18	Dec-18	Jan-19	Feb-19	Mar-19	Apr-19	May-19	Jun-19	Jul-19	Aug-19	Sep-19	Oct-19	Nov-19	Dec-19	Jan-20	Feb-20	Mar-20
Austin	city	All Homes	$233,300 	$233,400 	$233,100 	$232,600 	$231,400 	$230,400 	$229,700 	$229,000 	$228,300 	$227,800 	$227,100 	$226,500 	$226,000 	$225,400 	$224,800 	$224,300 	$224,900 	$225,500 	$226,000 	$226,100 	$226,300 	$226,900 	$227,800 	$229,000 	$230,000 	$231,300 	$232,800 	$234,400 	$235,800 	$236,900 	$237,900 	$238,500 	$240,200 	$242,200 	$244,900 	$247,300 	$250,500 	$253,600 	$256,400 	$259,100 	$261,300 	$263,900 	$266,600 	$270,500 	$273,300 	$275,900 	$277,800 	$280,000 	$282,000 	$284,200 	$286,600 	$288,500 	$290,900 	$293,400 	$296,100 	$298,300 	$300,200 	$301,800 	$303,500 	$305,000 	$306,600 	$308,100 	$310,000 	$312,800 	$315,900 	$318,500 	$320,200 	$321,600 	$323,900 	$327,000 	$329,700 	$332,000 	$333,700 	$335,300 	$336,600 	$338,000 	$338,600 	$339,600 	$341,200 	$343,700 	$345,500 	$346,000 	$346,800 	$348,400 	$350,700 	$352,500 	$353,700 	$354,200 	$354,500 	$355,400 	$357,000 	$359,100 	$361,000 	$362,500 	$363,500 	$364,200 	$364,500 	$365,400 	$367,100 	$369,100 	$371,600 	$372,700 	$374,500 	$374,800 	$376,200 	$377,500 	$380,200 	$381,400 	$382,400 	$382,900 	$384,000 	$385,300 	$386,600 	$388,900 	$390,200 	$392,500 	$394,400 	$396,800 	$398,700 	$402,000
Allandale	neighborhood	All Homes	$340,700 	$339,900 	$338,700 	$337,600 	$336,300 	$335,400 	$334,800 	$334,600 	$334,700 	$335,500 	$335,400 	$335,400 	$335,200 	$336,200 	$337,100 	$338,100 	$339,100 	$341,300 	$342,800 	$345,300 	$345,900 	$346,800 	$346,800 	$348,300 	$350,000 	$351,400 	$354,000 	$356,600 	$360,300 	$362,700 	$364,800 	$365,600 	$369,400 	$372,800 	$378,900 	$383,900 	$391,200 	$398,000 	$403,400 	$408,800 	$412,600 	$416,700 	$421,100 	$427,800 	$433,300 	$440,400 	$445,100 	$450,000 	$452,100 	$454,800 	$457,200 	$459,400 	$463,000 	$468,700 	$473,800 	$476,300 	$476,200 	$473,900 	$473,400 	$474,100 	$476,900 	$479,300 	$482,600 	$488,000 	$493,800 	$497,800 	$499,700 	$501,300 	$506,100 	$512,800 	$517,900 	$519,900 	$520,600 	$521,200 	$522,700 	$522,200 	$519,200 	$516,500 	$517,500 	$522,100 	$524,200 	$525,300 	$526,900 	$530,600 	$533,900 	$536,700 	$537,500 	$537,900 	$537,200 	$538,700 	$541,600 	$545,200 	$549,500 	$551,300 	$552,300 	$552,800 	$553,700 	$555,900 	$559,400 	$564,300 	$570,600 	$573,000 	$575,300 	$575,200 	$579,100 	$582,800 	$588,600 	$589,800 	$591,200 	$591,400 	$593,500 	$595,100 	$597,000 	$601,100 	$604,100 	$608,200 	$609,500 	$612,800 	$615,100 	$621,300
Barton Creek	neighborhood	All Homes	$1,019,100 	$1,021,200 	$1,017,800 	$1,014,700 	$1,006,700 	$1,001,100 	$996,600 	$992,600 	$988,200 	$986,400 	$983,800 	$980,900 	$977,600 	$972,800 	$971,100 	$968,600 	$972,100 	$972,100 	$971,200 	$969,400 	$968,800 	$970,000 	$972,200 	$975,600 	$977,200 	$980,600 	$985,200 	$990,300 	$995,100 	$1,000,400 	$1,007,600 	$1,011,600 	$1,021,200 	$1,028,400 	$1,040,600 	$1,051,500 	$1,067,300 	$1,081,400 	$1,090,700 	$1,097,200 	$1,100,600 	$1,106,900 	$1,113,400 	$1,125,600 	$1,133,000 	$1,142,500 	$1,146,400 	$1,150,600 	$1,153,000 	$1,157,400 	$1,166,600 	$1,177,300 	$1,192,800 	$1,209,100 	$1,222,600 	$1,230,000 	$1,233,900 	$1,237,400 	$1,241,800 	$1,245,100 	$1,246,200 	$1,246,100 	$1,246,900 	$1,253,200 	$1,258,900 	$1,261,200 	$1,259,800 	$1,260,900 	$1,266,300 	$1,274,600 	$1,279,600 	$1,284,500 	$1,287,200 	$1,290,900 	$1,291,600 	$1,289,700 	$1,278,100 	$1,267,800 	$1,262,900 	$1,266,400 	$1,267,000 	$1,261,200 	$1,259,900 	$1,262,700 	$1,269,100 	$1,271,800 	$1,271,500 	$1,269,400 	$1,269,700 	$1,272,500 	$1,278,300 	$1,283,000 	$1,289,900 	$1,294,900 	$1,297,200 	$1,294,300 	$1,288,200 	$1,284,700 	$1,287,600 	$1,290,800 	$1,298,800 	$1,300,100 	$1,305,700 	$1,304,800 	$1,312,200 	$1,319,200 	$1,329,600 	$1,332,100 	$1,336,700 	$1,340,200 	$1,344,800 	$1,350,600 	$1,353,600 	$1,361,100 	$1,363,300 	$1,370,100 	$1,370,200 	$1,373,200 	$1,374,700 	$1,384,600
Barton Hills	neighborhood	All Homes	$377,600 	$378,800 	$379,200 	$379,000 	$376,400 	$376,200 	$376,300 	$377,100 	$375,100 	$374,400 	$374,700 	$374,400 	$374,400 	$372,700 	$372,600 	$371,600 	$374,900 	$376,900 	$378,800 	$379,300 	$381,100 	$384,100 	$387,300 	$391,400 	$394,900 	$399,000 	$402,600 	$405,800 	$408,100 	$410,000 	$412,000 	$413,200 	$416,700 	$420,500 	$425,500 	$429,500 	$434,800 	$440,200 	$445,700 	$452,800 	$457,000 	$461,600 	$465,800 	$473,800 	$480,200 	$486,200 	$489,400 	$494,000 	$498,100 	$502,800 	$507,200 	$509,100 	$515,000 	$521,900 	$530,900 	$536,300 	$540,000 	$541,100 	$543,900 	$545,900 	$548,400 	$550,500 	$552,600 	$558,100 	$560,300 	$561,900 	$561,400 	$563,400 	$567,300 	$572,700 	$577,400 	$581,200 	$584,100 	$587,100 	$590,700 	$593,400 	$594,600 	$595,500 	$597,400 	$600,000 	$601,500 	$602,300 	$605,100 	$609,100 	$613,500 	$615,100 	$615,800 	$615,500 	$615,600 	$616,600 	$618,400 	$621,900 	$625,600 	$628,400 	$627,900 	$626,500 	$622,200 	$621,300 	$622,700 	$626,300 	$632,200 	$634,600 	$637,200 	$637,000 	$640,300 	$646,200 	$652,000 	$654,800 	$658,500 	$662,000 	$665,500 	$667,900 	$668,900 	$672,500 	$675,700 	$680,200 	$682,300 	$683,000 	$685,100 	$690,100
Bouldin Creek	neighborhood	All Homes	$351,000 	$350,600 	$350,600 	$352,300 	$353,300 	$353,800 	$353,600 	$353,100 	$352,000 	$352,800 	$353,200 	$353,500 	$352,800 	$353,700 	$354,200 	$354,000 	$352,800 	$354,000 	$354,900 	$356,300 	$357,300 	$358,300 	$361,100 	$365,000 	$370,800 	$375,300 	$380,700 	$383,600 	$386,800 	$386,900 	$389,400 	$391,600 	$397,400 	$402,700 	$408,400 	$411,800 	$415,400 	$418,800 	$422,100 	$427,600 	$434,400 	$443,800 	$451,500 	$460,100 	$466,100 	$474,700 	$481,400 	$490,100 	$497,400 	$505,000 	$512,700 	$520,300 	$527,600 	$533,300 	$537,400 	$540,300 	$542,600 	$540,200 	$539,000 	$538,600 	$542,100 	$545,900 	$548,700 	$553,500 	$556,900 	$560,000 	$561,900 	$564,100 	$567,500 	$574,800 	$580,800 	$585,200 	$584,900 	$584,600 	$585,200 	$585,200 	$586,400 	$586,500 	$589,700 	$593,200 	$596,900 	$597,300 	$598,400 	$600,800 	$605,500 	$608,500 	$609,100 	$606,500 	$603,300 	$605,400 	$610,000 	$616,200 	$620,600 	$623,300 	$623,400 	$621,200 	$620,500 	$622,700 	$628,300 	$634,200 	$641,200 	$642,500 	$644,100 	$643,100 	$647,400 	$654,000 	$665,000 	$671,400 	$675,700 	$677,200 	$680,300 	$684,800 	$688,600 	$694,600 	$698,400 	$703,700 	$705,500 	$707,000 	$706,300 	$710,300
Brentwood	neighborhood	All Homes	$277,300 	$277,100 	$276,600 	$276,800 	$276,300 	$275,200 	$274,200 	$272,200 	$270,200 	$269,100 	$268,400 	$268,300 	$268,800 	$269,300 	$269,900 	$269,800 	$271,400 	$274,200 	$276,900 	$279,000 	$280,100 	$281,500 	$282,800 	$284,300 	$285,700 	$287,000 	$288,800 	$290,700 	$293,200 	$294,000 	$294,800 	$294,900 	$297,800 	$300,500 	$304,300 	$308,300 	$313,900 	$319,400 	$323,700 	$327,900 	$330,500 	$333,500 	$336,600 	$342,400 	$346,900 	$352,000 	$355,500 	$359,100 	$362,000 	$365,600 	$369,900 	$372,300 	$375,200 	$379,600 	$384,500 	$388,300 	$390,200 	$390,400 	$391,100 	$391,400 	$391,800 	$391,800 	$392,600 	$396,400 	$401,900 	$406,000 	$408,300 	$408,900 	$411,000 	$415,600 	$419,900 	$423,700 	$425,500 	$426,800 	$428,100 	$429,300 	$430,000 	$430,300 	$431,700 	$434,100 	$436,500 	$437,100 	$437,800 	$439,700 	$443,500 	$446,500 	$447,900 	$448,200 	$445,900 	$445,900 	$446,000 	$449,000 	$450,900 	$452,100 	$451,900 	$451,200 	$449,600 	$450,300 	$452,800 	$455,000 	$458,000 	$459,000 	$461,400 	$461,100 	$461,300 	$461,600 	$463,700 	$464,900 	$466,000 	$465,800 	$466,000 	$467,000 	$469,000 	$471,900 	$473,900 	$476,700 	$480,100 	$484,400 	$488,500 	$493,800
Bryker Woods	neighborhood	All Homes	$488,100 	$488,400 	$488,300 	$487,900 	$485,900 	$486,700 	$487,700 	$488,000 	$486,000 	$487,400 	$488,500 	$490,000 	$489,400 	$489,300 	$489,500 	$490,100 	$490,100 	$489,300 	$487,700 	$489,600 	$491,300 	$493,100 	$495,900 	$500,200 	$505,700 	$510,300 	$513,300 	$515,900 	$517,600 	$520,000 	$522,800 	$524,400 	$530,100 	$535,200 	$541,500 	$545,300 	$552,300 	$559,500 	$566,900 	$574,000 	$587,600 	$601,800 	$615,000 	$621,600 	$624,800 	$629,200 	$634,300 	$641,900 	$647,000 	$649,900 	$654,800 	$657,200 	$663,600 	$668,300 	$676,300 	$685,700 	$694,100 	$699,200 	$701,300 	$703,400 	$706,800 	$715,400 	$723,300 	$735,100 	$733,700 	$731,200 	$725,900 	$726,800 	$730,600 	$736,500 	$743,500 	$748,700 	$752,000 	$751,400 	$749,800 	$749,300 	$753,500 	$759,900 	$765,400 	$770,000 	$772,900 	$774,600 	$776,900 	$781,200 	$783,800 	$783,700 	$782,900 	$781,300 	$778,500 	$777,300 	$781,600 	$789,000 	$793,900 	$795,100 	$793,800 	$791,300 	$790,000 	$793,700 	$800,300 	$807,000 	$817,600 	$824,200 	$827,300 	$823,000 	$825,700 	$832,600 	$842,400 	$842,300 	$841,700 	$837,900 	$838,000 	$838,400 	$836,300 	$836,900 	$838,500 	$845,200 	$848,700 	$851,800 	$854,400 	$865,900
Central East Austin	neighborhood	All Homes	$226,900 	$227,200 	$227,300 	$227,500 	$227,300 	$225,900 	$224,300 	$222,000 	$221,000 	$221,400 	$221,400 	$221,700 	$221,000 	$219,600 	$218,800 	$218,500 	$218,800 	$219,900 	$221,000 	$222,800 	$223,500 	$224,300 	$226,100 	$228,500 	$231,300 	$233,900 	$235,700 	$237,400 	$238,700 	$238,800 	$238,200 	$237,000 	$238,900 	$240,500 	$243,000 	$245,300 	$250,000 	$254,800 	$259,600 	$265,400 	$272,100 	$279,200 	$285,800 	$292,600 	$297,100 	$302,100 	$306,900 	$313,300 	$318,600 	$323,800 	$329,600 	$332,600 	$335,800 	$339,800 	$346,400 	$352,000 	$357,600 	$361,900 	$364,900 	$365,200 	$365,100 	$366,300 	$368,500 	$373,300 	$377,200 	$380,800 	$382,300 	$384,900 	$388,300 	$392,800 	$397,700 	$401,900 	$405,200 	$406,100 	$405,400 	$403,600 	$401,500 	$400,700 	$401,100 	$403,100 	$404,200 	$403,800 	$402,400 	$402,500 	$404,000 	$406,300 	$408,400 	$410,900 	$412,600 	$414,000 	$416,200 	$419,100 	$420,700 	$422,200 	$424,000 	$426,500 	$427,400 	$429,800 	$433,400 	$439,600 	$445,200 	$448,300 	$449,800 	$450,200 	$453,300 	$457,100 	$461,700 	$463,700 	$465,800 	$466,400 	$467,500 	$466,700 	$466,900 	$469,100 	$472,200 	$475,400 	$477,500 	$479,400 	$480,800 	$483,800
Chestnut	neighborhood	All Homes	$233,400 	$234,500 	$235,300 	$236,100 	$236,300 	$233,400 	$230,300 	$226,300 	$224,700 	$224,500 	$224,600 	$225,500 	$225,200 	$225,000 	$224,500 	$224,900 	$224,800 	$225,700 	$227,300 	$228,800 	$229,900 	$230,000 	$231,700 	$233,900 	$237,800 	$240,100 	$241,500 	$242,700 	$244,800 	$246,400 	$246,600 	$247,100 	$249,400 	$251,500 	$254,300 	$256,100 	$260,400 	$264,800 	$269,700 	$274,000 	$278,200 	$283,400 	$288,800 	$294,600 	$298,800 	$304,800 	$309,700 	$315,700 	$319,000 	$323,000 	$327,000 	$330,500 	$334,100 	$337,900 	$342,900 	$347,200 	$351,100 	$353,700 	$355,900 	$356,600 	$357,100 	$357,400 	$359,600 	$363,800 	$369,200 	$373,200 	$375,600 	$377,200 	$380,500 	$383,400 	$386,400 	$388,200 	$390,400 	$391,600 	$391,900 	$390,700 	$389,000 	$388,700 	$389,600 	$392,200 	$392,800 	$393,400 	$393,200 	$395,500 	$397,700 	$400,500 	$401,800 	$403,800 	$404,600 	$405,600 	$406,900 	$408,600 	$410,300 	$411,500 	$412,800 	$413,800 	$413,700 	$415,700 	$419,000 	$422,800 	$425,900 	$427,500 	$430,300 	$431,100 	$433,100 	$435,100 	$439,400 	$441,000 	$442,500 	$441,500 	$442,100 	$442,100 	$443,500 	$446,000 	$447,200 	$449,700 	$451,800 	$454,200 	$455,200 	$458,100
Coronado Hills	neighborhood	All Homes	$148,300 	$148,400 	$149,200 	$149,400 	$149,100 	$148,600 	$148,400 	$148,400 	$147,400 	$145,700 	$144,800 	$143,700 	$143,700 	$142,800 	$140,900 	$138,500 	$138,300 	$138,800 	$139,500 	$138,700 	$138,400 	$139,000 	$140,000 	$142,000 	$141,700 	$141,400 	$140,400 	$141,100 	$141,800 	$143,600 	$144,900 	$146,300 	$147,700 	$149,800 	$150,800 	$151,100 	$152,300 	$154,200 	$156,900 	$159,000 	$159,500 	$159,500 	$159,300 	$161,700 	$163,600 	$164,800 	$165,800 	$167,900 	$170,900 	$174,100 	$176,700 	$178,600 	$180,800 	$183,100 	$186,900 	$189,100 	$190,700 	$191,000 	$193,000 	$194,300 	$195,300 	$196,500 	$199,300 	$203,100 	$206,200 	$208,700 	$209,900 	$211,200 	$213,300 	$217,000 	$219,600 	$221,900 	$223,700 	$225,500 	$225,600 	$226,600 	$229,800 	$233,600 	$236,900 	$239,300 	$241,600 	$242,700 	$243,600 	$244,800 	$246,800 	$248,600 	$250,600 	$250,600 	$248,200 	$245,700 	$244,300 	$245,400 	$246,400 	$247,900 	$249,800 	$251,400 	$251,600 	$251,300 	$251,900 	$253,500 	$255,700 	$257,100 	$259,500 	$260,400 	$261,700 	$261,900 	$262,900 	$262,500 	$262,800 	$263,000 	$263,600 	$264,100 	$264,800 	$266,200 	$266,400 	$266,800 	$266,900 	$268,000 	$268,500 	$270,100
Crestview	neighborhood	All Homes	$268,700 	$267,300 	$265,600 	$264,500 	$263,200 	$262,100 	$262,100 	$261,400 	$261,600 	$260,700 	$259,800 	$260,100 	$261,600 	$263,300 	$264,200 	$264,600 	$265,400 	$267,500 	$268,600 	$269,700 	$269,400 	$269,800 	$271,100 	$272,500 	$274,200 	$275,400 	$277,200 	$279,400 	$282,100 	$282,900 	$283,700 	$283,700 	$286,300 	$289,700 	$294,100 	$298,200 	$302,500 	$306,700 	$311,000 	$315,300 	$318,700 	$322,600 	$327,100 	$333,300 	$337,800 	$342,400 	$345,600 	$349,700 	$353,800 	$358,300 	$362,400 	$364,500 	$366,800 	$370,700 	$374,700 	$379,200 	$383,200 	$384,100 	$384,800 	$383,800 	$384,300 	$385,200 	$386,900 	$390,800 	$394,800 	$397,500 	$398,700 	$398,700 	$399,500 	$403,400 	$407,600 	$412,300 	$414,700 	$415,900 	$416,800 	$417,800 	$419,300 	$420,800 	$423,600 	$427,000 	$430,200 	$431,700 	$433,100 	$434,100 	$436,000 	$437,500 	$438,200 	$438,500 	$437,800 	$439,200 	$440,000 	$442,100 	$443,600 	$444,400 	$444,300 	$443,800 	$443,800 	$445,300 	$448,500 	$451,800 	$455,100 	$455,900 	$456,800 	$455,900 	$457,500 	$459,600 	$462,800 	$464,600 	$466,000 	$467,400 	$468,200 	$469,100 	$470,500 	$473,100 	$475,800 	$479,400 	$481,500 	$483,900 	$486,200 	$490,100
Dawson	neighborhood	All Homes	$282,600 	$283,800 	$285,500 	$286,900 	$287,200 	$285,600 	$284,700 	$283,200 	$282,100 	$281,200 	$280,500 	$279,400 	$278,900 	$277,400 	$275,100 	$272,500 	$271,000 	$272,000 	$273,200 	$276,800 	$279,600 	$283,500 	$287,300 	$291,200 	$295,300 	$298,000 	$301,700 	$303,800 	$306,200 	$306,100 	$306,600 	$306,000 	$308,500 	$311,000 	$315,400 	$320,300 	$325,500 	$331,000 	$335,700 	$342,100 	$349,400 	$356,500 	$362,900 	$368,000 	$372,300 	$377,200 	$380,800 	$384,200 	$386,000 	$389,900 	$393,300 	$396,200 	$397,900 	$401,900 	$406,200 	$411,700 	$414,700 	$414,700 	$414,600 	$413,000 	$413,100 	$412,000 	$413,900 	$416,800 	$419,500 	$420,500 	$421,100 	$421,100 	$423,200 	$426,800 	$430,500 	$434,000 	$436,300 	$438,600 	$437,900 	$438,400 	$438,000 	$439,900 	$439,800 	$441,800 	$441,600 	$441,400 	$441,500 	$443,700 	$447,100 	$449,600 	$452,600 	$453,400 	$454,200 	$454,200 	$456,600 	$459,600 	$465,000 	$469,100 	$471,100 	$471,600 	$471,300 	$473,000 	$474,600 	$476,100 	$479,100 	$479,700 	$480,800 	$478,800 	$480,900 	$486,000 	$492,800 	$494,700 	$494,800 	$495,100 	$497,900 	$501,700 	$504,700 	$509,900 	$514,300 	$520,900 	$523,700 	$525,100 	$526,700 	$533,100
Downtown	neighborhood	All Homes	$316,900 	$317,100 	$316,500 	$317,900 	$316,500 	$315,800 	$314,500 	$313,700 	$313,100 	$312,400 	$313,200 	$314,100 	$316,300 	$315,500 	$315,200 	$314,400 	$317,000 	$317,800 	$317,400 	$316,600 	$317,400 	$320,300 	$322,900 	$326,800 	$330,100 	$335,800 	$340,100 	$344,000 	$345,000 	$349,500 	$354,600 	$360,700 	$364,700 	$367,600 	$370,500 	$372,900 	$376,800 	$379,700 	$382,900 	$385,500 	$390,800 	$395,600 	$401,000 	$404,400 	$406,800 	$411,500 	$416,500 	$422,100 	$426,500 	$431,200 	$436,000 	$439,500 	$438,900 	$437,900 	$437,000 	$439,600 	$443,200 	$443,000 	$443,200 	$442,900 	$443,800 	$444,600 	$445,500 	$451,400 	$459,100 	$465,900 	$469,000 	$470,400 	$473,000 	$475,600 	$476,400 	$475,700 	$475,700 	$476,300 	$477,100 	$474,200 	$475,300 	$476,800 	$482,900 	$486,100 	$487,700 	$491,500 	$495,300 	$500,900 	$502,900 	$504,400 	$504,500 	$505,300 	$504,000 	$503,300 	$502,900 	$504,200 	$505,000 	$501,500 	$498,200 	$495,000 	$495,300 	$495,100 	$498,300 	$501,600 	$505,100 	$503,800 	$502,000 	$499,100 	$499,500 	$501,400 	$504,900 	$505,800 	$505,200 	$505,000 	$503,700 	$502,700 	$501,700 	$504,200 	$506,400 	$509,300 	$510,400 	$512,000 	$512,600 	$515,100
East Cesar Chavez	neighborhood	All Homes	$257,900 	$257,500 	$255,900 	$253,200 	$251,500 	$252,000 	$254,200 	$255,300 	$255,400 	$255,700 	$256,600 	$257,300 	$257,400 	$256,100 	$255,900 	$256,300 	$256,400 	$255,000 	$253,800 	$253,800 	$254,800 	$256,000 	$258,100 	$261,000 	$264,200 	$267,200 	$268,000 	$270,600 	$274,600 	$281,300 	$285,500 	$288,400 	$291,300 	$294,300 	$297,500 	$301,000 	$306,700 	$313,400 	$322,200 	$329,600 	$333,900 	$336,400 	$340,400 	$347,100 	$352,000 	$357,500 	$362,300 	$368,100 	$372,000 	$375,500 	$378,600 	$382,100 	$387,700 	$394,500 	$400,100 	$404,200 	$408,000 	$411,400 	$414,400 	$415,500 	$416,300 	$418,400 	$421,100 	$425,400 	$430,000 	$433,500 	$436,000 	$437,700 	$442,200 	$446,800 	$450,600 	$452,400 	$454,900 	$455,000 	$455,000 	$452,700 	$449,200 	$446,500 	$447,200 	$449,300 	$449,900 	$449,500 	$449,400 	$450,900 	$452,500 	$456,000 	$458,600 	$461,400 	$462,400 	$463,100 	$463,500 	$465,500 	$466,300 	$466,600 	$467,400 	$471,200 	$475,300 	$479,900 	$486,700 	$493,300 	$501,100 	$504,000 	$508,000 	$509,300 	$510,400 	$511,800 	$514,300 	$517,400 	$519,500 	$519,500 	$518,600 	$518,700 	$519,400 	$524,500 	$528,400 	$533,600 	$540,200 	$547,600 	$554,100 	$559,100
East Congress	neighborhood	All Homes	$177,700 	$178,500 	$178,900 	$178,400 	$177,500 	$176,900 	$176,500 	$176,400 	$176,400 	$176,700 	$176,700 	$176,000 	$174,900 	$174,100 	$172,700 	$171,500 	$170,800 	$170,400 	$169,400 	$168,600 	$168,000 	$168,100 	$167,900 	$168,500 	$168,800 	$169,200 	$169,900 	$171,300 	$173,800 	$175,900 	$178,200 	$178,900 	$180,200 	$181,200 	$183,500 	$185,500 	$188,700 	$192,100 	$195,600 	$198,500 	$200,000 	$202,000 	$204,200 	$208,600 	$212,200 	$216,200 	$218,900 	$221,700 	$224,100 	$227,300 	$231,000 	$233,500 	$236,000 	$238,200 	$240,800 	$242,500 	$244,300 	$244,700 	$246,000 	$247,300 	$247,900 	$247,900 	$247,500 	$250,700 	$254,200 	$257,300 	$258,700 	$259,900 	$261,600 	$264,600 	$267,700 	$269,800 	$271,700 	$273,000 	$274,600 	$275,200 	$275,300 	$276,100 	$277,100 	$278,900 	$279,200 	$279,000 	$278,600 	$280,300 	$282,500 	$284,600 	$285,800 	$284,900 	$284,000 	$283,500 	$284,100 	$285,200 	$287,900 	$291,000 	$293,300 	$293,800 	$294,800 	$296,300 	$299,000 	$300,500 	$303,200 	$303,500 	$306,900 	$308,500 	$311,200 	$311,600 	$313,400 	$314,800 	$315,500 	$316,300 	$317,100 	$320,100 	$322,500 	$326,500 	$327,900 	$330,400 	$331,800 	$335,100 	$338,200 	$342,600
East Oak Hill	neighborhood	All Homes	$281,100 	$281,700 	$281,500 	$280,900 	$279,800 	$279,700 	$279,900 	$279,400 	$278,600 	$278,000 	$277,900 	$277,300 	$276,600 	$275,600 	$275,500 	$275,500 	$277,300 	$278,300 	$279,100 	$279,400 	$280,200 	$282,000 	$284,000 	$286,600 	$288,900 	$291,600 	$294,400 	$297,500 	$299,100 	$299,900 	$300,500 	$301,400 	$304,200 	$306,900 	$310,500 	$314,300 	$319,300 	$323,400 	$326,400 	$328,800 	$332,000 	$337,100 	$342,900 	$349,200 	$353,100 	$356,600 	$358,200 	$360,100 	$361,400 	$364,300 	$368,100 	$371,100 	$373,500 	$374,900 	$376,500 	$377,700 	$378,900 	$379,900 	$381,600 	$382,800 	$383,800 	$384,200 	$385,100 	$388,100 	$391,400 	$393,800 	$394,800 	$395,700 	$398,900 	$403,500 	$408,100 	$412,100 	$415,800 	$419,300 	$422,100 	$424,600 	$426,400 	$429,000 	$432,600 	$437,100 	$439,500 	$439,600 	$439,500 	$440,400 	$441,800 	$442,600 	$443,000 	$443,100 	$444,000 	$445,900 	$448,900 	$451,500 	$453,400 	$454,900 	$455,800 	$457,000 	$457,500 	$459,500 	$461,500 	$463,500 	$465,300 	$465,800 	$468,500 	$470,000 	$473,000 	$475,200 	$478,900 	$480,300 	$481,400 	$481,500 	$483,500 	$485,800 	$488,100 	$491,200 	$492,000 	$494,100 	$496,100 	$499,500 	$502,600 	$507,500
Franklin Park	neighborhood	All Homes	$124,700 	$124,900 	$124,700 	$124,200 	$122,500 	$121,000 	$120,400 	$120,900 	$121,500 	$121,800 	$120,400 	$119,700 	$118,800 	$118,100 	$118,400 	$119,000 	$120,300 	$120,300 	$120,600 	$120,500 	$120,200 	$119,700 	$120,200 	$121,000 	$122,200 	$122,500 	$122,700 	$122,300 	$122,400 	$123,300 	$123,900 	$124,100 	$124,600 	$125,900 	$128,100 	$129,800 	$131,700 	$133,500 	$135,300 	$137,000 	$137,700 	$138,100 	$138,400 	$139,700 	$140,900 	$142,900 	$144,300 	$145,700 	$145,700 	$146,000 	$146,000 	$146,700 	$148,500 	$150,800 	$152,900 	$154,200 	$154,400 	$153,100 	$151,300 	$150,700 	$151,700 	$154,000 	$156,000 	$158,200 	$160,800 	$163,200 	$166,100 	$167,900 	$171,200 	$174,900 	$178,400 	$179,800 	$179,900 	$179,400 	$179,800 	$180,500 	$179,100 	$177,200 	$175,300 	$176,000 	$176,200 	$175,800 	$176,400 	$179,200 	$183,400 	$186,400 	$188,100 	$189,100 	$190,900 	$193,500 	$196,200 	$198,000 	$199,000 	$200,000 	$200,700 	$200,900 	$200,200 	$200,300 	$201,600 	$203,000 	$204,900 	$206,300 	$208,200 	$209,800 	$212,600 	$215,300 	$218,300 	$219,400 	$220,700 	$221,600 	$223,100 	$224,900 	$226,200 	$228,000 	$229,200 	$230,800 	$232,000 	$233,500 	$234,700 	$237,500
Galindo	neighborhood	All Homes	$299,400 	$299,600 	$300,600 	$301,100 	$301,200 	$300,300 	$299,700 	$299,200 	$298,600 	$299,000 	$298,500 	$298,500 	$297,700 	$296,400 	$294,900 	$292,800 	$292,200 	$292,500 	$293,100 	$293,100 	$293,200 	$294,100 	$297,900 	$301,700 	$307,100 	$311,500 	$316,300 	$320,500 	$324,200 	$327,700 	$331,000 	$334,100 	$339,100 	$344,500 	$349,700 	$354,600 	$358,800 	$363,800 	$367,800 	$373,300 	$376,700 	$381,300 	$385,500 	$391,700 	$395,800 	$400,300 	$403,900 	$408,000 	$411,700 	$415,500 	$420,000 	$422,200 	$426,600 	$429,500 	$433,600 	$436,700 	$440,000 	$439,800 	$438,300 	$436,400 	$436,400 	$436,600 	$437,400 	$441,600 	$447,500 	$453,200 	$456,300 	$456,700 	$458,500 	$462,200 	$466,700 	$469,800 	$471,900 	$473,400 	$474,400 	$475,100 	$471,800 	$469,500 	$467,700 	$470,500 	$471,800 	$472,400 	$473,200 	$475,800 	$478,000 	$480,300 	$481,400 	$480,700 	$479,900 	$479,900 	$482,100 	$484,700 	$488,300 	$491,400 	$493,100 	$493,600 	$493,700 	$494,100 	$495,800 	$498,500 	$503,500 	$506,000 	$508,500 	$508,100 	$510,900 	$515,300 	$521,200 	$522,200 	$522,300 	$522,900 	$525,400 	$528,100 	$529,900 	$533,300 	$535,900 	$540,100 	$541,800 	$542,900 	$543,800 	$549,300
Garrison Park	neighborhood	All Homes	$184,000 	$184,800 	$184,600 	$184,300 	$183,500 	$182,900 	$182,900 	$182,600 	$182,500 	$182,200 	$182,000 	$181,500 	$181,200 	$180,600 	$180,300 	$179,800 	$180,300 	$180,900 	$181,200 	$181,400 	$181,400 	$181,900 	$182,100 	$182,200 	$182,400 	$183,000 	$184,500 	$185,900 	$187,400 	$187,900 	$188,500 	$188,500 	$189,600 	$191,200 	$193,900 	$196,800 	$199,800 	$202,700 	$204,900 	$207,500 	$208,800 	$210,700 	$212,500 	$216,200 	$219,100 	$222,400 	$224,600 	$226,800 	$228,200 	$229,800 	$231,800 	$233,600 	$236,900 	$240,600 	$244,800 	$247,000 	$248,800 	$249,200 	$250,400 	$251,900 	$255,000 	$258,500 	$262,200 	$266,600 	$269,900 	$272,000 	$273,200 	$275,200 	$278,400 	$282,400 	$285,800 	$288,300 	$289,800 	$290,600 	$291,100 	$291,600 	$291,700 	$292,900 	$295,100 	$298,700 	$300,800 	$301,800 	$303,000 	$305,300 	$308,200 	$310,000 	$311,200 	$311,200 	$312,000 	$312,700 	$314,400 	$315,800 	$317,600 	$319,000 	$319,900 	$320,300 	$320,100 	$321,600 	$323,600 	$326,500 	$329,600 	$332,000 	$334,300 	$335,200 	$336,100 	$336,900 	$338,700 	$339,900 	$341,300 	$341,700 	$342,800 	$344,000 	$344,800 	$346,300 	$347,300 	$349,400 	$351,900 	$355,000 	$357,800 	$361,400
Georgian Acres	neighborhood	All Homes	$128,100 	$128,300 	$128,300 	$128,500 	$128,300 	$127,400 	$125,900 	$124,000 	$122,300 	$121,000 	$119,700 	$118,500 	$117,900 	$117,300 	$117,100 	$117,000 	$117,400 	$117,500 	$117,600 	$117,500 	$117,400 	$117,600 	$118,400 	$119,500 	$120,500 	$121,400 	$121,600 	$121,500 	$121,000 	$120,900 	$121,400 	$122,000 	$122,800 	$123,700 	$124,700 	$125,700 	$126,700 	$127,400 	$129,200 	$131,100 	$133,200 	$134,700 	$135,800 	$137,500 	$139,200 	$140,600 	$141,900 	$142,500 	$143,300 	$144,100 	$145,000 	$145,700 	$147,300 	$149,000 	$151,400 	$152,500 	$154,100 	$156,400 	$158,200 	$160,900 	$163,100 	$166,500 	$168,800 	$172,300 	$174,700 	$178,000 	$179,700 	$183,100 	$186,400 	$189,100 	$191,900 	$194,400 	$197,400 	$199,400 	$201,500 	$203,900 	$207,200 	$210,400 	$214,700 	$217,100 	$218,200 	$218,000 	$218,600 	$218,700 	$219,500 	$219,200 	$221,100 	$221,000 	$220,600 	$218,600 	$218,500 	$221,100 	$224,800 	$228,800 	$230,900 	$234,800 	$238,400 	$242,300 	$242,600 	$242,100 	$241,500 	$243,500 	$244,200 	$243,600 	$242,600 	$242,900 	$244,500 	$244,500 	$244,200 	$244,600 	$246,500 	$250,100 	$253,600 	$256,000 	$258,200 	$260,400 	$262,800 	$264,600 	$266,300 	$268,700
Govalle	neighborhood	All Homes	$175,500 	$176,800 	$178,000 	$177,600 	$175,600 	$174,700 	$174,400 	$175,400 	$175,900 	$178,000 	$178,500 	$178,400 	$177,300 	$176,400 	$175,700 	$176,100 	$176,900 	$177,600 	$178,100 	$178,600 	$179,100 	$179,600 	$181,600 	$184,600 	$188,500 	$192,300 	$194,600 	$195,800 	$197,300 	$199,500 	$201,500 	$202,900 	$205,700 	$208,600 	$211,800 	$214,500 	$218,000 	$220,100 	$223,000 	$226,100 	$230,700 	$233,100 	$235,300 	$236,800 	$238,100 	$240,900 	$243,500 	$246,900 	$248,300 	$252,700 	$257,400 	$264,000 	$266,600 	$272,000 	$277,300 	$285,500 	$290,900 	$293,500 	$295,400 	$296,400 	$298,900 	$300,600 	$304,600 	$308,000 	$315,100 	$320,600 	$326,200 	$327,400 	$330,900 	$334,700 	$339,600 	$344,000 	$347,700 	$350,500 	$351,500 	$351,800 	$352,600 	$353,200 	$354,100 	$356,900 	$359,800 	$361,500 	$362,400 	$363,400 	$366,900 	$368,100 	$368,400 	$368,100 	$366,300 	$365,900 	$366,000 	$367,900 	$369,900 	$373,000 	$375,600 	$377,400 	$375,700 	$377,000 	$380,900 	$386,400 	$391,300 	$393,100 	$395,400 	$395,100 	$397,700 	$398,700 	$402,700 	$404,000 	$407,100 	$408,700 	$410,000 	$410,300 	$411,700 	$415,000 	$417,600 	$421,000 	$422,200 	$424,200 	$424,300 	$427,000
Hancock	neighborhood	All Homes	$343,700 	$342,700 	$340,200 	$337,800 	$334,100 	$331,300 	$329,800 	$328,700 	$327,400 	$326,600 	$326,700 	$327,600 	$327,800 	$327,300 	$327,400 	$328,300 	$331,400 	$334,100 	$335,300 	$336,100 	$336,200 	$336,700 	$336,300 	$336,500 	$338,000 	$340,700 	$343,500 	$346,300 	$349,400 	$353,500 	$357,500 	$359,400 	$362,700 	$366,600 	$372,400 	$376,500 	$380,900 	$384,700 	$389,500 	$393,500 	$392,800 	$390,100 	$388,100 	$392,400 	$395,600 	$398,500 	$399,900 	$402,900 	$406,900 	$410,200 	$412,000 	$412,400 	$417,200 	$423,800 	$430,700 	$432,800 	$434,400 	$435,700 	$438,400 	$439,600 	$438,800 	$439,100 	$440,900 	$446,200 	$450,600 	$453,900 	$455,900 	$458,000 	$461,300 	$464,800 	$466,700 	$468,600 	$470,300 	$472,100 	$472,900 	$472,800 	$472,900 	$474,200 	$476,600 	$479,000 	$481,000 	$481,400 	$482,700 	$485,100 	$488,400 	$490,200 	$491,100 	$491,700 	$488,600 	$485,100 	$483,300 	$486,600 	$489,200 	$491,100 	$491,800 	$492,200 	$493,300 	$494,900 	$499,500 	$503,400 	$509,000 	$512,400 	$514,000 	$513,400 	$512,600 	$513,900 	$516,600 	$517,900 	$517,700 	$516,500 	$515,600 	$515,600 	$516,400 	$519,300 	$522,800 	$525,900 	$529,900 	$533,400 	$536,800 	$541,700
Heritage Hills	neighborhood	All Homes	$149,800 	$149,900 	$149,800 	$149,600 	$148,300 	$147,500 	$147,100 	$146,800 	$146,800 	$146,600 	$146,700 	$146,200 	$146,200 	$145,000 	$144,000 	$143,100 	$144,600 	$145,600 	$145,600 	$144,300 	$143,400 	$143,600 	$143,900 	$145,000 	$145,700 	$147,000 	$148,000 	$148,600 	$148,500 	$148,400 	$149,000 	$150,200 	$151,500 	$153,500 	$155,700 	$157,400 	$159,000 	$161,200 	$163,500 	$166,200 	$168,800 	$171,800 	$174,100 	$176,300 	$178,300 	$179,200 	$179,700 	$180,900 	$183,000 	$184,600 	$185,700 	$186,800 	$188,200 	$189,200 	$190,900 	$193,000 	$195,700 	$198,000 	$200,500 	$202,000 	$203,300 	$204,700 	$208,100 	$211,200 	$214,700 	$217,900 	$221,600 	$223,600 	$225,400 	$227,900 	$231,100 	$234,600 	$237,900 	$240,200 	$241,100 	$242,700 	$243,300 	$244,600 	$245,100 	$248,400 	$250,600 	$252,100 	$253,400 	$255,600 	$258,700 	$262,300 	$265,300 	$267,500 	$269,600 	$272,200 	$275,500 	$278,800 	$282,500 	$286,400 	$289,900 	$294,000 	$296,100 	$298,800 	$300,500 	$303,300 	$304,900 	$305,700 	$308,200 	$309,000 	$310,000 	$309,500 	$310,700 	$312,000 	$314,200 	$315,900 	$318,800 	$321,300 	$325,200 	$329,400 	$332,300 	$336,100 	$340,200 	$345,900 	$350,900 	$355,700
Highland	neighborhood	All Homes	$203,700 	$203,900 	$204,400 	$203,900 	$202,700 	$200,100 	$197,800 	$195,700 	$195,400 	$195,400 	$195,200 	$195,200 	$194,600 	$193,500 	$192,800 	$192,300 	$193,300 	$194,200 	$195,700 	$196,500 	$196,900 	$197,100 	$197,300 	$197,600 	$197,900 	$198,900 	$199,800 	$201,200 	$202,800 	$205,800 	$207,800 	$209,400 	$210,800 	$213,200 	$216,000 	$219,300 	$223,500 	$228,400 	$232,100 	$235,500 	$237,400 	$239,500 	$243,100 	$248,100 	$252,500 	$255,600 	$258,600 	$262,000 	$265,200 	$267,900 	$271,200 	$274,100 	$276,500 	$279,600 	$281,500 	$283,300 	$284,100 	$286,500 	$288,900 	$291,700 	$293,400 	$295,300 	$297,600 	$301,800 	$308,100 	$312,300 	$315,100 	$315,400 	$318,000 	$321,400 	$324,700 	$326,500 	$327,900 	$328,300 	$328,900 	$329,900 	$329,100 	$329,600 	$330,900 	$334,800 	$336,800 	$337,000 	$336,900 	$336,900 	$337,900 	$339,200 	$340,400 	$339,400 	$336,400 	$333,700 	$333,400 	$335,800 	$339,500 	$341,400 	$343,300 	$345,800 	$349,100 	$352,500 	$354,100 	$356,300 	$359,300 	$361,900 	$363,900 	$363,500 	$364,200 	$365,600 	$367,800 	$368,000 	$367,400 	$366,800 	$368,300 	$370,400 	$373,200 	$376,300 	$378,500 	$381,100 	$382,700 	$385,300 	$387,900 	$392,100
Holly	neighborhood	All Homes	$230,500 	$230,700 	$230,400 	$227,400 	$222,900 	$218,100 	$215,700 	$213,900 	$214,100 	$214,200 	$213,900 	$213,200 	$212,100 	$210,900 	$210,200 	$211,500 	$213,600 	$215,900 	$217,100 	$218,200 	$219,000 	$219,800 	$222,100 	$224,600 	$227,100 	$229,500 	$232,500 	$235,300 	$237,700 	$240,100 	$242,500 	$244,300 	$246,100 	$248,200 	$250,600 	$253,300 	$257,500 	$261,100 	$264,500 	$267,500 	$271,200 	$275,400 	$279,400 	$284,100 	$287,400 	$293,100 	$298,500 	$305,200 	$309,000 	$313,300 	$316,700 	$320,600 	$323,700 	$328,100 	$332,300 	$338,500 	$343,600 	$347,200 	$349,100 	$349,800 	$351,600 	$354,300 	$357,900 	$361,800 	$367,200 	$370,500 	$374,500 	$374,700 	$377,500 	$379,300 	$382,500 	$385,100 	$388,600 	$390,300 	$392,100 	$392,400 	$392,100 	$392,400 	$393,700 	$397,700 	$401,100 	$403,500 	$404,100 	$404,900 	$406,700 	$408,400 	$407,900 	$408,300 	$408,800 	$410,500 	$410,400 	$409,800 	$408,100 	$408,900 	$410,600 	$413,900 	$414,800 	$418,700 	$426,100 	$433,900 	$439,400 	$440,100 	$443,300 	$445,800 	$450,800 	$452,900 	$456,900 	$458,800 	$462,000 	$463,000 	$462,700 	$462,200 	$463,800 	$468,900 	$473,000 	$477,700 	$481,200 	$486,200 	$489,900 	$494,900
Hyde Park	neighborhood	All Homes	$345,600 	$344,300 	$342,300 	$340,300 	$337,100 	$333,600 	$330,600 	$328,000 	$327,200 	$327,000 	$326,700 	$326,700 	$326,200 	$325,100 	$324,400 	$324,000 	$324,800 	$326,500 	$327,700 	$329,200 	$328,600 	$328,500 	$328,800 	$330,100 	$332,900 	$335,800 	$339,300 	$342,500 	$345,100 	$346,200 	$347,000 	$347,800 	$352,100 	$356,600 	$362,200 	$366,400 	$370,800 	$375,900 	$381,100 	$386,200 	$393,000 	$399,600 	$406,600 	$412,600 	$417,000 	$421,400 	$424,300 	$428,500 	$432,300 	$434,900 	$436,700 	$436,800 	$438,700 	$442,400 	$447,400 	$450,500 	$452,400 	$453,300 	$455,300 	$456,100 	$456,300 	$458,000 	$461,300 	$468,600 	$469,000 	$468,800 	$465,700 	$468,500 	$471,600 	$476,600 	$480,000 	$483,800 	$486,400 	$489,000 	$490,600 	$491,100 	$494,900 	$499,400 	$504,700 	$507,000 	$508,900 	$509,200 	$510,000 	$512,000 	$515,800 	$518,600 	$519,700 	$519,700 	$521,900 	$524,500 	$527,500 	$529,300 	$531,100 	$532,700 	$534,300 	$535,400 	$536,700 	$537,700 	$540,600 	$542,900 	$544,400 	$544,300 	$546,900 	$550,800 	$556,200 	$561,000 	$565,900 	$566,500 	$566,000 	$565,200 	$566,700 	$569,400 	$571,200 	$574,300 	$575,400 	$576,700 	$577,200 	$579,000 	$580,900 	$586,400
Johnston Terrace	neighborhood	All Homes	$167,000 	$167,800 	$168,400 	$168,800 	$168,400 	$167,900 	$167,500 	$167,000 	$166,900 	$168,300 	$168,500 	$167,900 	$165,600 	$163,800 	$163,200 	$163,200 	$163,700 	$164,100 	$164,700 	$165,300 	$165,600 	$165,600 	$166,300 	$166,800 	$167,100 	$167,400 	$169,500 	$172,900 	$176,400 	$178,200 	$178,600 	$178,700 	$179,100 	$179,000 	$179,600 	$181,200 	$185,200 	$189,800 	$191,200 	$191,500 	$189,700 	$190,200 	$191,500 	$194,400 	$197,000 	$199,800 	$202,800 	$206,200 	$208,300 	$209,300 	$211,900 	$214,600 	$220,400 	$226,000 	$232,500 	$238,200 	$243,400 	$247,700 	$249,300 	$249,200 	$249,500 	$251,400 	$253,500 	$256,800 	$256,300 	$255,800 	$253,500 	$252,800 	$253,200 	$256,500 	$261,800 	$266,800 	$270,400 	$273,300 	$275,600 	$276,700 	$279,400 	$281,800 	$285,800 	$289,100 	$291,900 	$292,500 	$292,900 	$295,100 	$298,900 	$300,900 	$301,900 	$301,000 	$302,500 	$305,700 	$309,700 	$312,100 	$314,500 	$315,300 	$316,200 	$315,000 	$313,800 	$313,700 	$317,400 	$323,100 	$327,600 	$327,700 	$327,400 	$325,600 	$326,900 	$329,900 	$335,600 	$338,700 	$341,400 	$343,400 	$343,700 	$343,500 	$342,500 	$344,100 	$345,100 	$347,900 	$348,100 	$347,700 	$344,900 	$344,400
Jollyville	neighborhood	All Homes	$202,000 	$202,500 	$203,200 	$202,700 	$201,100 	$199,300 	$197,900 	$197,200 	$195,800 	$194,800 	$193,000 	$192,300 	$192,300 	$192,200 	$190,900 	$190,300 	$190,200 	$191,100 	$191,300 	$191,400 	$192,100 	$192,600 	$193,500 	$194,100 	$194,300 	$195,000 	$196,100 	$197,500 	$199,000 	$199,800 	$200,700 	$201,500 	$202,700 	$205,300 	$207,500 	$209,300 	$210,300 	$211,800 	$214,200 	$216,400 	$218,400 	$219,900 	$222,300 	$225,000 	$227,500 	$228,400 	$230,700 	$233,900 	$237,700 	$240,300 	$242,000 	$243,800 	$245,800 	$248,000 	$249,600 	$251,600 	$253,800 	$256,500 	$257,500 	$258,000 	$259,300 	$261,700 	$263,700 	$265,000 	$266,400 	$269,100 	$272,200 	$274,100 	$275,500 	$277,200 	$279,800 	$282,300 	$283,600 	$284,900 	$286,900 	$290,400 	$293,900 	$296,200 	$297,700 	$299,500 	$300,900 	$302,000 	$303,000 	$304,100 	$305,500 	$307,100 	$308,200 	$308,400 	$308,500 	$308,200 	$309,300 	$311,600 	$314,400 	$316,000 	$316,100 	$317,000 	$317,900 	$318,500 	$318,600 	$318,400 	$318,600 	$320,400 	$323,600 	$325,600 	$326,700 	$327,400 	$330,300 	$331,900 	$333,400 	$334,400 	$336,700 	$339,500 	$342,100 	$344,000 	$344,300 	$344,900 	$346,300 	$348,800 	$350,400 	$352,600
MLK	neighborhood	All Homes	$174,700 	$176,100 	$176,300 	$175,500 	$175,200 	$174,000 	$172,900 	$171,100 	$170,600 	$170,700 	$170,200 	$169,000 	$168,100 	$166,400 	$165,400 	$163,800 	$163,000 	$162,800 	$162,900 	$163,300 	$163,200 	$164,200 	$165,500 	$166,900 	$167,800 	$170,500 	$173,900 	$177,400 	$179,700 	$180,600 	$181,000 	$182,000 	$184,700 	$188,200 	$191,700 	$194,800 	$197,700 	$200,200 	$203,200 	$206,700 	$210,900 	$215,400 	$220,800 	$225,500 	$228,300 	$230,400 	$233,500 	$238,200 	$242,800 	$247,300 	$250,100 	$253,500 	$256,900 	$262,000 	$265,600 	$269,100 	$271,700 	$272,900 	$273,500 	$273,900 	$275,300 	$277,200 	$279,600 	$283,100 	$286,500 	$289,300 	$291,000 	$292,200 	$294,600 	$298,300 	$301,700 	$305,400 	$309,000 	$312,600 	$315,500 	$317,400 	$320,000 	$322,700 	$327,400 	$332,500 	$338,000 	$340,700 	$343,200 	$344,700 	$347,300 	$348,800 	$350,700 	$351,600 	$351,500 	$351,800 	$354,300 	$358,100 	$361,400 	$364,100 	$366,100 	$367,800 	$367,500 	$369,200 	$372,300 	$376,700 	$380,500 	$381,800 	$379,900 	$376,900 	$376,400 	$379,200 	$383,800 	$386,200 	$388,700 	$389,500 	$390,300 	$390,600 	$391,700 	$394,300 	$397,600 	$401,000 	$402,300 	$401,800 	$400,100 	$400,400
MLK 183	neighborhood	All Homes	$150,400 	$151,800 	$152,300 	$152,300 	$151,100 	$150,400 	$149,700 	$149,600 	$149,600 	$150,900 	$151,300 	$150,600 	$148,800 	$146,500 	$145,100 	$144,200 	$144,400 	$144,600 	$144,400 	$143,600 	$143,200 	$143,500 	$144,100 	$144,300 	$144,500 	$145,500 	$148,200 	$151,800 	$155,400 	$157,300 	$158,900 	$160,500 	$162,400 	$162,900 	$163,600 	$164,800 	$167,400 	$170,400 	$172,400 	$173,800 	$173,900 	$175,700 	$178,400 	$181,500 	$183,100 	$185,700 	$189,000 	$194,100 	$197,900 	$200,200 	$201,600 	$203,600 	$207,100 	$210,300 	$213,200 	$216,600 	$221,200 	$225,600 	$228,400 	$228,900 	$230,300 	$232,800 	$236,700 	$240,400 	$244,200 	$247,000 	$248,800 	$248,900 	$249,800 	$251,500 	$254,200 	$257,600 	$260,800 	$264,200 	$266,700 	$268,800 	$269,300 	$270,000 	$272,400 	$277,200 	$281,900 	$284,000 	$285,000 	$285,700 	$287,000 	$288,400 	$289,200 	$290,500 	$291,400 	$294,500 	$298,300 	$301,800 	$302,600 	$303,500 	$304,500 	$306,700 	$308,300 	$311,100 	$314,700 	$318,100 	$321,700 	$322,500 	$321,700 	$318,300 	$318,800 	$321,600 	$326,800 	$329,700 	$332,300 	$333,100 	$334,100 	$334,800 	$335,900 	$337,700 	$339,800 	$343,400 	$345,000 	$345,000 	$342,900 	$342,000
Mckinney	neighborhood	All Homes	$130,800 	$130,900 	$130,400 	$129,600 	$128,400 	$127,300 	$126,200 	$125,700 	$125,300 	$124,700 	$122,900 	$121,300 	$120,400 	$119,600 	$118,900 	$118,500 	$118,800 	$118,000 	$117,300 	$116,300 	$116,400 	$116,300 	$116,800 	$117,500 	$118,400 	$119,500 	$120,800 	$121,700 	$122,600 	$124,200 	$125,500 	$126,000 	$126,000 	$126,500 	$127,900 	$128,900 	$129,900 	$130,500 	$131,900 	$133,400 	$134,300 	$134,900 	$135,900 	$138,100 	$139,600 	$141,000 	$142,000 	$143,500 	$144,400 	$145,200 	$145,800 	$146,900 	$148,400 	$150,000 	$151,500 	$152,600 	$154,200 	$155,400 	$156,600 	$157,500 	$159,300 	$161,400 	$163,600 	$165,700 	$167,800 	$169,800 	$171,500 	$173,100 	$175,000 	$178,000 	$180,600 	$182,900 	$184,100 	$185,100 	$186,000 	$187,000 	$187,600 	$188,900 	$190,700 	$192,900 	$194,800 	$195,500 	$196,900 	$198,100 	$200,300 	$201,700 	$203,100 	$204,100 	$205,700 	$207,700 	$210,000 	$212,400 	$213,700 	$214,500 	$214,300 	$215,300 	$216,000 	$218,300 	$220,400 	$223,000 	$225,500 	$226,900 	$228,600 	$229,200 	$231,000 	$232,800 	$235,500 	$237,000 	$238,200 	$238,200 	$239,000 	$239,400 	$239,900 	$240,800 	$241,300 	$242,400 	$243,200 	$244,500 	$245,500 	$246,900
Montopolis	neighborhood	All Homes	$150,500 	$149,500 	$148,600 	$148,500 	$148,000 	$147,900 	$145,400 	$142,200 	$138,900 	$137,600 	$137,200 	$136,300 	$135,000 	$133,500 	$133,000 	$133,500 	$134,600 	$135,100 	$136,400 	$137,400 	$138,800 	$139,600 	$140,400 	$141,100 	$142,000 	$143,300 	$145,100 	$145,900 	$147,100 	$147,500 	$148,200 	$148,700 	$149,800 	$150,300 	$151,200 	$152,500 	$155,800 	$159,200 	$161,600 	$162,200 	$162,000 	$162,500 	$164,200 	$167,600 	$170,400 	$173,700 	$174,800 	$176,600 	$176,800 	$177,700 	$178,400 	$180,500 	$182,500 	$185,300 	$186,600 	$187,300 	$187,100 	$187,300 	$188,600 	$189,500 	$191,200 	$192,800 	$195,400 	$198,400 	$202,300 	$205,600 	$209,800 	$212,800 	$216,300 	$219,900 	$224,000 	$227,400 	$229,700 	$230,700 	$231,100 	$232,000 	$232,200 	$232,200 	$231,400 	$232,300 	$233,900 	$235,200 	$236,900 	$239,100 	$241,400 	$243,900 	$244,900 	$245,400 	$245,700 	$247,700 	$250,700 	$253,500 	$255,600 	$256,500 	$256,500 	$256,400 	$257,000 	$258,200 	$260,200 	$262,200 	$263,800 	$264,200 	$264,500 	$263,800 	$263,100 	$263,100 	$264,400 	$265,600 	$266,500 	$266,900 	$267,700 	$268,900 	$270,700 	$273,000 	$275,100 	$277,900 	$281,200 	$285,000 	$288,400 	$292,300
Mueller	neighborhood	All Homes	$314,700 	$317,500 	$318,800 	$319,800 	$319,600 	$321,300 	$323,700 	$324,900 	$324,400 	$326,200 	$327,800 	$329,100 	$328,300 	$327,400 	$328,000 	$329,100 	$333,500 	$335,600 	$336,500 	$336,500 	$337,200 	$338,000 	$339,400 	$342,200 	$345,500 	$349,000 	$351,900 	$354,600 	$356,400 	$358,300 	$361,000 	$363,200 	$367,600 	$371,000 	$374,000 	$375,400 	$379,200 	$383,800 	$387,700 	$391,300 	$393,400 	$396,800 	$399,800 	$405,400 	$408,200 	$410,800 	$413,400 	$417,300 	$421,400 	$424,500 	$429,200 	$432,900 	$437,400 	$441,100 	$444,800 	$447,400 	$449,900 	$453,600 	$457,800 	$461,600 	$463,200 	$464,800 	$466,200 	$470,400 	$473,500 	$475,800 	$476,700 	$478,400 	$482,300 	$486,200 	$489,300 	$491,500 	$493,200 	$495,100 	$496,300 	$497,000 	$498,600 	$501,400 	$505,700 	$510,100 	$512,400 	$512,700 	$513,400 	$516,000 	$520,700 	$524,200 	$527,000 	$528,300 	$530,300 	$533,400 	$537,200 	$540,600 	$544,100 	$546,800 	$548,200 	$549,000 	$547,900 	$548,800 	$550,100 	$553,400 	$555,600 	$555,100 	$556,300 	$556,700 	$560,700 	$563,100 	$566,700 	$566,100 	$566,600 	$566,200 	$567,600 	$568,400 	$569,700 	$572,800 	$574,300 	$576,900 	$577,400 	$580,300 	$583,300 	$589,900
North Austin	neighborhood	All Homes	$147,100 	$147,000 	$146,600 	$145,800 	$145,200 	$144,500 	$143,900 	$142,700 	$141,700 	$141,600 	$141,500 	$141,400 	$141,200 	$141,300 	$141,200 	$141,100 	$141,700 	$141,700 	$141,700 	$141,100 	$141,100 	$140,700 	$141,100 	$141,500 	$142,200 	$142,200 	$142,800 	$143,400 	$144,100 	$145,000 	$145,800 	$146,700 	$147,900 	$149,400 	$150,900 	$152,300 	$154,000 	$156,000 	$157,800 	$159,600 	$160,700 	$162,300 	$164,300 	$167,300 	$169,500 	$171,600 	$172,900 	$174,400 	$175,500 	$176,500 	$178,000 	$179,200 	$181,700 	$184,000 	$186,200 	$187,000 	$187,700 	$188,600 	$190,200 	$192,400 	$195,000 	$198,100 	$201,200 	$204,500 	$206,700 	$208,600 	$210,200 	$212,900 	$216,700 	$221,000 	$224,300 	$226,800 	$228,900 	$230,800 	$233,000 	$235,900 	$238,600 	$241,700 	$244,300 	$247,100 	$249,200 	$250,500 	$252,500 	$254,700 	$257,300 	$259,200 	$260,500 	$260,800 	$260,900 	$261,800 	$264,200 	$267,300 	$270,000 	$272,200 	$273,500 	$275,200 	$276,800 	$279,900 	$283,700 	$287,900 	$293,100 	$296,800 	$301,400 	$303,900 	$305,700 	$306,700 	$308,600 	$311,200 	$313,400 	$314,600 	$315,700 	$316,800 	$317,500 	$319,100 	$319,200 	$320,600 	$323,000 	$326,500 	$329,800 	$332,200
North Burnett	neighborhood	All Homes	$76,100 	$77,200 	$77,600 	$78,700 	$79,400 	$79,900 	$79,900 	$79,200 	$78,800 	$78,500 	$78,500 	$79,500 	$80,900 	$82,200 	$82,200 	$82,100 	$82,000 	$82,500 	$83,200 	$83,800 	$84,400 	$85,300 	$86,900 	$87,700 	$88,100 	$88,200 	$89,200 	$90,300 	$91,100 	$91,200 	$90,900 	$90,500 	$90,300 	$90,100 	$90,200 	$90,500 	$91,200 	$91,900 	$93,200 	$94,300 	$95,500 	$96,600 	$97,900 	$99,600 	$100,400 	$101,300 	$101,700 	$102,800 	$104,000 	$105,000 	$105,400 	$105,600 	$105,300 	$105,300 	$105,800 	$106,400 	$107,600 	$108,500 	$109,300 	$109,300 	$108,900 	$109,100 	$109,600 	$110,800 	$112,400 	$113,900 	$114,900 	$115,400 	$116,400 	$117,700 	$118,700 	$119,700 	$120,800 	$121,700 	$122,400 	$123,000 	$123,500 	$124,600 	$126,000 	$127,800 	$129,200 	$129,500 	$129,700 	$130,500 	$132,300 	$134,200 	$135,700 	$136,400 	$137,600 	$138,600 	$140,100 	$141,800 	$143,500 	$146,600 	$150,200 	$153,600 	$155,500 	$156,900 	$158,900 	$162,000 	$165,700 	$168,300 	$169,800 	$170,300 	$170,700 	$171,100 	$171,500 	$172,000 	$172,600 	$173,300 	$174,200 	$174,800 	$174,700 	$175,500 	$176,900 	$179,100 	$181,500 	$183,600 	$185,600 	$187,600
North Lamar	neighborhood	All Homes	$123,300 	$123,200 	$122,800 	$122,600 	$121,800 	$120,400 	$118,500 	$117,000 	$115,900 	$115,100 	$113,800 	$112,900 	$112,600 	$112,300 	$111,800 	$110,900 	$111,000 	$111,700 	$112,100 	$111,700 	$111,700 	$112,300 	$113,600 	$114,500 	$114,800 	$114,600 	$115,000 	$115,800 	$116,100 	$116,200 	$117,400 	$118,900 	$120,000 	$120,300 	$120,700 	$121,900 	$123,900 	$126,700 	$129,000 	$130,400 	$131,300 	$132,100 	$132,800 	$134,200 	$135,800 	$137,800 	$139,400 	$140,600 	$141,100 	$140,900 	$141,000 	$141,000 	$141,900 	$142,900 	$144,500 	$145,500 	$146,200 	$146,800 	$147,500 	$148,600 	$149,800 	$151,700 	$153,700 	$157,500 	$161,000 	$164,500 	$166,400 	$168,700 	$171,900 	$175,400 	$178,900 	$182,200 	$185,700 	$189,000 	$192,100 	$194,600 	$198,300 	$201,900 	$206,500 	$208,700 	$210,600 	$211,900 	$213,300 	$214,900 	$215,800 	$216,300 	$217,200 	$217,500 	$216,800 	$215,900 	$216,200 	$219,600 	$222,400 	$224,600 	$225,100 	$225,600 	$227,200 	$230,700 	$234,500 	$237,800 	$239,500 	$240,800 	$241,300 	$241,300 	$241,800 	$242,700 	$245,100 	$247,100 	$248,800 	$248,700 	$248,600 	$249,100 	$251,300 	$253,900 	$256,400 	$258,000 	$259,700 	$261,500 	$263,100 	$265,000
North Loop	neighborhood	All Homes	$265,500 	$264,200 	$262,000 	$260,700 	$259,200 	$259,300 	$259,300 	$259,200 	$258,700 	$258,400 	$257,900 	$258,000 	$258,600 	$259,500 	$259,000 	$257,800 	$256,100 	$256,000 	$256,100 	$256,900 	$257,100 	$257,800 	$259,100 	$260,800 	$263,200 	$265,300 	$269,100 	$272,500 	$276,900 	$278,700 	$279,800 	$279,500 	$281,700 	$284,300 	$287,900 	$291,200 	$295,000 	$298,400 	$301,100 	$304,100 	$305,800 	$308,800 	$312,400 	$318,500 	$323,100 	$327,700 	$330,400 	$333,400 	$335,800 	$340,100 	$344,400 	$347,500 	$351,700 	$356,400 	$360,500 	$362,200 	$362,700 	$362,300 	$362,600 	$362,800 	$363,700 	$363,300 	$363,100 	$365,100 	$368,100 	$370,300 	$372,400 	$373,800 	$376,700 	$380,400 	$384,100 	$386,900 	$388,000 	$388,500 	$389,800 	$390,300 	$389,700 	$388,800 	$388,300 	$390,100 	$391,900 	$392,700 	$393,300 	$394,900 	$397,300 	$399,800 	$400,700 	$401,900 	$399,400 	$398,000 	$397,900 	$400,700 	$402,600 	$402,600 	$402,200 	$400,800 	$399,400 	$399,600 	$401,400 	$402,600 	$406,000 	$408,400 	$411,600 	$410,900 	$411,800 	$413,700 	$416,800 	$418,600 	$420,000 	$420,600 	$421,400 	$422,700 	$424,500 	$426,700 	$428,000 	$430,600 	$432,600 	$435,100 	$437,200 	$441,000
North Shoal Creek	neighborhood	All Homes	$224,500 	$224,300 	$223,400 	$223,000 	$221,800 	$221,400 	$220,700 	$219,900 	$218,900 	$218,200 	$216,400 	$215,400 	$214,800 	$214,800 	$215,100 	$214,700 	$214,500 	$214,100 	$214,500 	$215,500 	$216,700 	$218,200 	$220,400 	$222,600 	$225,200 	$226,200 	$227,800 	$229,700 	$232,800 	$235,100 	$237,300 	$238,600 	$240,700 	$242,100 	$244,200 	$246,400 	$249,500 	$253,200 	$256,900 	$260,000 	$261,700 	$263,500 	$264,800 	$267,500 	$270,400 	$275,000 	$278,500 	$280,600 	$280,800 	$281,200 	$282,000 	$282,800 	$284,800 	$287,400 	$291,300 	$294,200 	$296,500 	$296,600 	$296,800 	$298,200 	$301,100 	$305,500 	$309,200 	$314,500 	$318,100 	$322,000 	$323,300 	$325,400 	$327,500 	$331,700 	$335,700 	$339,700 	$342,700 	$344,000 	$345,500 	$346,300 	$348,100 	$350,000 	$353,900 	$357,100 	$358,400 	$357,900 	$358,100 	$359,400 	$361,500 	$363,500 	$364,800 	$365,100 	$364,700 	$364,400 	$366,000 	$368,700 	$373,300 	$375,500 	$377,300 	$378,200 	$378,100 	$377,500 	$377,700 	$379,400 	$382,700 	$383,700 	$381,900 	$378,200 	$375,700 	$377,000 	$379,500 	$380,800 	$382,100 	$383,400 	$385,400 	$386,800 	$387,400 	$389,500 	$392,800 	$397,100 	$400,200 	$402,000 	$403,000 	$405,600
North University	neighborhood	All Homes	$250,600 	$250,300 	$249,800 	$249,300 	$248,800 	$249,900 	$251,000 	$251,200 	$250,200 	$248,600 	$247,100 	$245,900 	$245,700 	$245,300 	$245,100 	$245,000 	$245,900 	$246,600 	$246,900 	$247,400 	$247,300 	$248,500 	$249,700 	$251,400 	$252,900 	$254,500 	$256,100 	$257,700 	$259,400 	$259,800 	$260,000 	$258,900 	$261,000 	$263,400 	$267,100 	$269,800 	$272,900 	$275,700 	$278,100 	$280,600 	$281,200 	$282,700 	$284,500 	$288,500 	$290,500 	$292,300 	$293,100 	$295,200 	$297,300 	$299,900 	$302,100 	$303,400 	$304,700 	$306,800 	$309,800 	$312,800 	$314,900 	$316,700 	$318,700 	$320,300 	$321,300 	$322,500 	$324,200 	$327,500 	$333,900 	$339,200 	$343,200 	$344,100 	$346,800 	$350,100 	$352,300 	$353,300 	$354,300 	$355,500 	$357,100 	$358,600 	$357,200 	$355,900 	$355,800 	$358,800 	$361,400 	$361,300 	$362,400 	$364,300 	$367,300 	$369,100 	$370,800 	$371,500 	$373,000 	$374,700 	$377,600 	$379,900 	$381,300 	$382,900 	$384,000 	$385,000 	$385,400 	$386,800 	$388,900 	$390,800 	$392,700 	$393,200 	$391,400 	$389,000 	$389,000 	$391,900 	$394,900 	$395,200 	$394,500 	$393,500 	$393,000 	$393,000 	$393,100 	$394,200 	$396,200 	$398,400 	$399,300 	$398,400 	$397,400 	$398,700
Old Enfield	neighborhood	All Homes	$581,100 	$579,900 	$579,200 	$577,900 	$576,200 	$576,700 	$578,400 	$578,800 	$577,600 	$577,300 	$576,900 	$577,400 	$577,500 	$576,800 	$575,600 	$576,300 	$579,800 	$583,000 	$583,000 	$583,600 	$583,500 	$583,700 	$585,300 	$588,900 	$593,900 	$598,000 	$601,400 	$604,300 	$609,200 	$613,500 	$619,500 	$620,900 	$627,300 	$633,500 	$641,200 	$646,300 	$653,300 	$661,500 	$669,400 	$677,100 	$676,800 	$678,100 	$679,000 	$690,500 	$698,400 	$707,500 	$712,400 	$718,900 	$723,800 	$728,900 	$735,300 	$738,400 	$743,900 	$749,000 	$757,900 	$764,300 	$769,600 	$772,700 	$778,900 	$784,000 	$789,600 	$795,800 	$803,900 	$817,100 	$837,300 	$855,200 	$868,800 	$872,600 	$878,300 	$886,300 	$892,600 	$900,000 	$904,600 	$909,700 	$912,000 	$913,700 	$915,300 	$920,800 	$928,100 	$936,900 	$943,400 	$946,000 	$949,200 	$950,900 	$956,200 	$957,700 	$960,300 	$960,600 	$951,800 	$942,600 	$939,000 	$947,400 	$957,100 	$960,500 	$961,600 	$964,800 	$968,200 	$976,700 	$984,100 	$992,900 	$1,003,000 	$1,006,400 	$1,003,500 	$993,400 	$992,200 	$999,100 	$1,009,800 	$1,009,700 	$1,006,800 	$1,000,500 	$998,700 	$996,500 	$997,400 	$1,002,500 	$1,009,300 	$1,015,700 	$1,015,000 	$1,011,900 	$1,007,300 	$1,010,500
Old West Austin	neighborhood	All Homes	$423,900 	$422,500 	$422,600 	$424,300 	$426,100 	$431,200 	$434,700 	$436,600 	$435,900 	$435,500 	$434,300 	$433,400 	$432,900 	$431,600 	$430,100 	$429,800 	$432,700 	$433,900 	$433,300 	$432,700 	$432,600 	$433,700 	$435,800 	$440,200 	$445,200 	$449,800 	$454,900 	$458,000 	$460,500 	$462,600 	$467,700 	$471,600 	$478,100 	$483,600 	$490,300 	$494,000 	$498,500 	$503,500 	$508,000 	$513,000 	$517,600 	$524,300 	$529,900 	$537,900 	$543,100 	$550,100 	$554,900 	$562,300 	$568,900 	$575,700 	$581,500 	$585,200 	$590,300 	$595,000 	$601,100 	$604,800 	$608,700 	$610,800 	$614,200 	$614,900 	$616,300 	$619,000 	$624,300 	$633,900 	$642,600 	$649,000 	$651,600 	$652,000 	$654,000 	$657,600 	$660,100 	$663,700 	$665,200 	$667,700 	$668,300 	$667,900 	$662,900 	$659,300 	$657,600 	$662,400 	$666,000 	$668,000 	$670,800 	$674,500 	$678,600 	$678,700 	$677,300 	$675,900 	$677,900 	$682,400 	$686,300 	$689,700 	$692,200 	$693,100 	$693,700 	$694,600 	$699,400 	$706,300 	$715,800 	$723,100 	$732,800 	$735,500 	$744,100 	$746,000 	$755,800 	$762,600 	$772,700 	$775,200 	$774,800 	$773,200 	$774,000 	$776,600 	$776,700 	$781,200 	$781,200 	$785,700 	$784,800 	$787,800 	$788,500 	$794,900
Parker Lane	neighborhood	All Homes	$162,500 	$162,500 	$162,200 	$161,500 	$161,300 	$159,300 	$157,600 	$155,200 	$155,100 	$155,400 	$155,400 	$154,400 	$153,000 	$152,400 	$152,600 	$153,400 	$154,100 	$155,100 	$155,800 	$156,500 	$156,300 	$156,200 	$156,500 	$158,100 	$160,200 	$160,900 	$161,400 	$161,500 	$163,200 	$165,000 	$167,200 	$168,200 	$169,400 	$171,200 	$173,100 	$173,900 	$175,100 	$177,500 	$180,700 	$183,500 	$183,900 	$184,900 	$186,000 	$189,400 	$192,200 	$194,400 	$196,400 	$199,600 	$202,700 	$205,400 	$207,100 	$208,800 	$212,000 	$214,900 	$218,100 	$219,700 	$221,900 	$224,500 	$227,800 	$231,200 	$233,800 	$236,200 	$238,100 	$241,300 	$245,200 	$249,300 	$252,500 	$255,700 	$259,500 	$263,500 	$266,400 	$268,300 	$269,900 	$271,900 	$274,800 	$277,700 	$277,400 	$277,300 	$277,900 	$280,800 	$282,700 	$283,200 	$283,900 	$285,200 	$288,000 	$290,800 	$292,800 	$293,700 	$296,800 	$299,900 	$304,300 	$306,600 	$308,900 	$311,300 	$313,400 	$315,300 	$315,300 	$315,300 	$316,900 	$319,300 	$322,000 	$323,700 	$325,100 	$325,500 	$325,500 	$326,600 	$329,200 	$331,000 	$332,600 	$333,700 	$334,900 	$336,100 	$336,700 	$338,000 	$339,100 	$341,600 	$344,700 	$347,400 	$349,200 	$351,700
Pecan Springs-Springdale	neighborhood	All Homes	$177,300 	$176,400 	$175,700 	$174,300 	$172,900 	$171,100 	$169,100 	$167,300 	$166,000 	$165,100 	$164,100 	$163,800 	$164,300 	$164,300 	$163,400 	$162,100 	$162,600 	$163,900 	$165,500 	$165,900 	$166,500 	$167,800 	$169,500 	$170,600 	$171,400 	$172,200 	$174,400 	$176,900 	$178,800 	$179,200 	$179,900 	$180,700 	$182,600 	$184,100 	$186,300 	$189,400 	$193,300 	$197,200 	$200,500 	$203,200 	$204,500 	$207,200 	$210,200 	$215,300 	$218,500 	$222,700 	$225,600 	$228,600 	$230,100 	$233,500 	$238,200 	$243,500 	$250,500 	$257,900 	$265,400 	$270,200 	$274,600 	$275,100 	$275,900 	$274,900 	$277,200 	$278,700 	$280,200 	$282,500 	$285,100 	$286,500 	$285,600 	$284,400 	$285,400 	$289,900 	$294,600 	$299,900 	$303,000 	$306,100 	$307,400 	$308,000 	$305,800 	$304,700 	$305,300 	$308,700 	$311,200 	$312,000 	$313,700 	$317,100 	$321,500 	$323,900 	$325,600 	$327,000 	$329,000 	$331,100 	$334,600 	$339,600 	$344,000 	$347,200 	$348,500 	$348,600 	$347,200 	$347,700 	$350,000 	$352,400 	$357,000 	$359,800 	$362,200 	$360,700 	$359,700 	$359,700 	$361,300 	$363,300 	$365,900 	$368,000 	$369,300 	$370,900 	$371,300 	$372,700 	$373,300 	$375,700 	$378,200 	$380,900 	$383,200 	$385,400
Pleasant Valley	neighborhood	All Homes	$128,100 	$127,700 	$127,500 	$127,500 	$127,700 	$127,400 	$126,400 	$124,700 	$123,800 	$124,400 	$124,800 	$123,900 	$122,700 	$121,800 	$122,100 	$122,100 	$122,300 	$122,100 	$122,100 	$121,900 	$121,800 	$121,100 	$120,700 	$121,300 	$121,800 	$121,900 	$121,600 	$122,000 	$122,800 	$123,400 	$123,800 	$124,400 	$125,100 	$125,800 	$126,500 	$127,000 	$128,800 	$130,600 	$132,100 	$132,500 	$133,300 	$134,400 	$136,200 	$137,800 	$139,300 	$141,100 	$143,000 	$145,800 	$148,200 	$150,900 	$152,600 	$154,600 	$156,100 	$158,200 	$159,800 	$161,200 	$162,400 	$163,800 	$165,400 	$166,300 	$166,100 	$165,700 	$166,500 	$168,600 	$169,600 	$169,800 	$169,600 	$170,700 	$172,100 	$174,400 	$176,100 	$177,800 	$179,100 	$180,700 	$182,100 	$182,900 	$185,000 	$187,500 	$190,900 	$192,900 	$194,900 	$194,900 	$195,500 	$196,100 	$198,300 	$199,900 	$201,700 	$203,000 	$203,000 	$203,300 	$203,700 	$205,900 	$207,300 	$208,200 	$208,600 	$209,300 	$210,200 	$211,700 	$212,600 	$213,800 	$215,900 	$217,300 	$219,000 	$219,300 	$220,200 	$221,600 	$223,800 	$225,000 	$225,400 	$225,400 	$226,200 	$227,300 	$228,200 	$229,500 	$230,500 	$232,000 	$233,600 	$235,400 	$237,100 	$239,400
Riverside	neighborhood	All Homes	$187,000 	$188,100 	$188,100 	$187,800 	$186,700 	$186,800 	$187,100 	$186,700 	$186,400 	$186,700 	$186,800 	$186,300 	$185,800 	$185,200 	$185,500 	$185,800 	$185,600 	$184,400 	$182,700 	$182,600 	$183,000 	$184,300 	$185,700 	$187,800 	$189,500 	$190,200 	$190,200 	$190,600 	$192,500 	$195,300 	$199,300 	$201,100 	$202,900 	$203,600 	$206,100 	$207,600 	$209,800 	$212,600 	$216,700 	$221,300 	$225,000 	$228,800 	$231,900 	$236,700 	$240,500 	$243,900 	$246,100 	$249,700 	$253,900 	$258,900 	$262,400 	$265,300 	$268,200 	$271,500 	$275,200 	$277,400 	$279,900 	$283,600 	$287,600 	$290,400 	$292,100 	$293,300 	$296,000 	$299,500 	$302,200 	$303,600 	$304,500 	$307,400 	$311,200 	$315,100 	$318,000 	$320,700 	$323,700 	$326,100 	$328,000 	$329,600 	$332,100 	$335,000 	$338,200 	$341,100 	$343,500 	$343,900 	$344,400 	$345,900 	$348,100 	$349,800 	$350,000 	$349,700 	$349,000 	$350,000 	$353,800 	$357,400 	$359,400 	$359,600 	$360,500 	$361,700 	$361,900 	$363,000 	$366,200 	$370,500 	$374,900 	$375,900 	$373,400 	$369,600 	$368,100 	$370,700 	$374,400 	$376,200 	$377,700 	$378,300 	$379,100 	$379,600 	$380,100 	$382,700 	$386,600 	$391,900 	$396,400 	$399,500 	$401,600 	$405,200
Rosedale	neighborhood	All Homes	$403,400 	$404,100 	$403,700 	$402,500 	$398,800 	$397,500 	$397,500 	$398,600 	$397,900 	$399,000 	$398,800 	$399,200 	$398,300 	$398,100 	$399,100 	$400,400 	$402,700 	$403,900 	$404,700 	$406,500 	$408,300 	$410,600 	$413,100 	$416,600 	$420,400 	$424,300 	$427,300 	$430,400 	$435,200 	$440,400 	$443,800 	$443,400 	$446,100 	$448,600 	$453,600 	$456,800 	$462,600 	$467,100 	$471,800 	$475,500 	$476,100 	$476,500 	$478,900 	$486,200 	$490,700 	$495,400 	$498,000 	$502,800 	$505,500 	$508,700 	$511,300 	$513,500 	$517,400 	$522,500 	$526,800 	$529,200 	$531,800 	$533,600 	$535,400 	$536,300 	$537,400 	$539,600 	$541,900 	$546,800 	$552,100 	$555,900 	$558,800 	$559,600 	$563,200 	$568,000 	$572,400 	$574,400 	$574,300 	$574,600 	$576,200 	$578,600 	$579,100 	$580,500 	$583,400 	$589,000 	$591,200 	$589,700 	$589,200 	$592,800 	$598,900 	$602,700 	$604,200 	$603,000 	$600,200 	$598,900 	$599,800 	$603,700 	$607,900 	$611,400 	$613,300 	$612,800 	$610,500 	$609,600 	$611,100 	$614,900 	$620,600 	$621,600 	$622,100 	$620,500 	$622,700 	$627,200 	$633,000 	$635,800 	$638,300 	$640,200 	$643,600 	$646,300 	$649,100 	$654,800 	$660,100 	$665,300 	$668,400 	$671,200 	$674,000 	$680,100
Rosewood	neighborhood	All Homes	$206,200 	$208,300 	$210,000 	$209,000 	$206,600 	$202,200 	$199,600 	$196,800 	$195,900 	$196,500 	$196,400 	$197,300 	$196,200 	$195,000 	$193,100 	$193,800 	$195,100 	$198,100 	$200,400 	$202,300 	$202,800 	$202,400 	$204,000 	$205,900 	$210,000 	$214,000 	$217,200 	$219,500 	$220,700 	$221,400 	$221,100 	$221,600 	$224,000 	$226,600 	$228,600 	$229,900 	$233,000 	$235,900 	$241,100 	$246,000 	$251,900 	$257,100 	$263,200 	$268,700 	$273,000 	$277,900 	$282,200 	$286,900 	$288,700 	$291,700 	$293,500 	$295,800 	$298,400 	$302,800 	$307,100 	$311,000 	$313,400 	$314,100 	$315,300 	$317,100 	$320,000 	$322,200 	$324,800 	$328,000 	$330,300 	$331,100 	$331,500 	$331,900 	$334,500 	$338,100 	$341,700 	$344,300 	$346,400 	$347,700 	$348,200 	$348,200 	$349,600 	$351,700 	$353,600 	$356,200 	$358,600 	$360,900 	$362,400 	$364,000 	$366,300 	$367,600 	$369,100 	$370,500 	$369,800 	$370,300 	$372,500 	$376,200 	$378,900 	$380,100 	$381,900 	$383,000 	$382,800 	$385,700 	$390,200 	$395,200 	$399,300 	$401,200 	$403,300 	$403,100 	$404,800 	$406,600 	$410,300 	$411,100 	$412,600 	$411,700 	$411,200 	$410,300 	$411,100 	$413,000 	$414,100 	$416,300 	$417,400 	$419,400 	$420,000 	$423,500
Shady Hollow	neighborhood	All Homes	$280,100 	$279,300 	$278,000 	$277,200 	$276,400 	$275,800 	$274,800 	$273,900 	$273,400 	$273,300 	$272,500 	$272,100 	$271,500 	$271,300 	$270,500 	$269,700 	$270,300 	$271,200 	$272,400 	$273,100 	$273,700 	$274,800 	$276,000 	$278,000 	$279,500 	$281,500 	$284,200 	$286,800 	$289,000 	$290,900 	$292,300 	$293,000 	$294,300 	$296,100 	$299,000 	$301,500 	$305,000 	$308,000 	$310,700 	$313,600 	$315,500 	$317,300 	$319,400 	$323,800 	$327,200 	$329,800 	$330,700 	$331,700 	$332,500 	$334,700 	$337,200 	$338,800 	$340,600 	$343,200 	$346,800 	$349,200 	$351,300 	$353,500 	$356,400 	$359,200 	$361,400 	$362,100 	$363,400 	$366,800 	$370,700 	$373,000 	$373,000 	$372,800 	$374,000 	$376,000 	$378,000 	$380,200 	$382,200 	$385,100 	$386,900 	$388,100 	$388,800 	$390,300 	$393,500 	$397,000 	$400,200 	$401,500 	$402,800 	$404,200 	$406,500 	$408,100 	$410,000 	$410,600 	$410,200 	$410,600 	$411,500 	$413,300 	$414,000 	$415,600 	$416,500 	$418,000 	$418,500 	$420,200 	$421,700 	$423,400 	$425,600 	$427,000 	$429,200 	$430,200 	$431,700 	$432,900 	$434,900 	$435,600 	$436,600 	$436,600 	$437,900 	$439,700 	$441,900 	$444,400 	$446,200 	$448,600 	$451,500 	$454,800 	$458,200 	$462,700
South Lamar	neighborhood	All Homes	$271,600 	$273,100 	$274,600 	$275,400 	$275,900 	$276,900 	$278,000 	$278,200 	$278,400 	$278,500 	$278,000 	$277,100 	$276,000 	$274,700 	$273,100 	$272,200 	$271,800 	$272,200 	$271,800 	$271,700 	$271,000 	$272,700 	$275,400 	$279,100 	$281,700 	$284,900 	$288,800 	$291,700 	$294,000 	$293,500 	$293,700 	$293,800 	$297,500 	$300,800 	$304,600 	$307,300 	$311,300 	$314,600 	$318,300 	$322,200 	$327,100 	$332,900 	$339,500 	$345,800 	$350,000 	$353,100 	$355,600 	$358,600 	$361,700 	$365,800 	$369,000 	$372,400 	$375,600 	$380,300 	$384,400 	$388,700 	$391,600 	$394,400 	$396,500 	$399,700 	$403,000 	$406,000 	$408,500 	$412,200 	$416,300 	$419,700 	$422,600 	$425,000 	$428,400 	$431,900 	$435,700 	$438,500 	$440,600 	$442,300 	$445,100 	$447,500 	$447,100 	$446,400 	$446,100 	$449,000 	$452,000 	$454,300 	$456,500 	$458,500 	$460,500 	$462,100 	$461,600 	$460,500 	$462,100 	$465,700 	$471,000 	$473,800 	$476,200 	$477,500 	$477,700 	$478,200 	$478,300 	$479,100 	$482,000 	$485,200 	$489,000 	$489,800 	$489,600 	$487,500 	$486,600 	$488,100 	$492,300 	$493,700 	$494,600 	$494,800 	$496,000 	$497,400 	$497,800 	$499,800 	$502,100 	$506,700 	$510,900 	$514,300 	$516,600 	$521,300
South Manchaca	neighborhood	All Homes	$202,800 	$202,300 	$201,500 	$200,900 	$199,800 	$200,000 	$200,000 	$200,600 	$200,000 	$198,900 	$197,600 	$196,800 	$196,200 	$196,000 	$195,700 	$194,800 	$194,400 	$193,800 	$193,700 	$193,700 	$194,000 	$195,000 	$195,900 	$197,000 	$198,400 	$200,500 	$203,300 	$205,800 	$208,600 	$210,000 	$211,100 	$210,500 	$212,200 	$214,300 	$217,500 	$220,300 	$222,600 	$224,900 	$226,400 	$229,200 	$230,300 	$233,200 	$235,400 	$240,200 	$242,700 	$246,400 	$249,200 	$252,700 	$255,600 	$258,300 	$261,500 	$263,000 	$266,500 	$269,400 	$273,400 	$275,400 	$277,300 	$276,500 	$276,500 	$276,400 	$278,400 	$279,900 	$281,100 	$283,800 	$286,300 	$288,700 	$290,600 	$293,000 	$296,400 	$300,400 	$303,700 	$306,100 	$307,400 	$309,300 	$311,900 	$314,500 	$314,700 	$314,500 	$314,600 	$317,100 	$318,800 	$320,100 	$321,900 	$324,600 	$327,300 	$328,800 	$329,400 	$329,400 	$330,600 	$332,100 	$334,000 	$335,800 	$337,600 	$339,900 	$341,100 	$341,200 	$340,500 	$340,800 	$342,200 	$344,200 	$346,700 	$348,200 	$350,300 	$350,600 	$351,800 	$352,600 	$354,500 	$355,600 	$357,100 	$358,100 	$359,700 	$361,000 	$362,000 	$363,900 	$365,400 	$367,900 	$370,100 	$372,800 	$375,200 	$379,000
South River City	neighborhood	All Homes	$381,500 	$382,700 	$383,100 	$384,600 	$383,500 	$383,600 	$384,000 	$384,800 	$384,700 	$385,000 	$384,400 	$383,000 	$381,000 	$379,900 	$380,300 	$381,500 	$383,000 	$384,700 	$384,900 	$386,000 	$386,300 	$387,500 	$390,000 	$394,100 	$398,400 	$401,400 	$403,500 	$404,700 	$406,500 	$407,700 	$409,900 	$411,000 	$415,100 	$419,400 	$425,600 	$430,700 	$437,400 	$444,300 	$450,100 	$456,500 	$462,900 	$471,500 	$479,800 	$490,000 	$498,600 	$508,600 	$512,700 	$518,400 	$522,200 	$527,900 	$536,100 	$542,800 	$549,100 	$552,400 	$556,700 	$560,200 	$563,200 	$562,400 	$565,400 	$566,300 	$569,600 	$572,100 	$573,800 	$577,100 	$582,500 	$590,200 	$594,600 	$596,000 	$597,000 	$602,400 	$607,100 	$611,800 	$612,900 	$612,900 	$613,200 	$614,700 	$613,900 	$611,200 	$611,700 	$616,200 	$621,900 	$623,000 	$624,100 	$626,700 	$630,600 	$633,500 	$635,500 	$634,600 	$632,200 	$630,900 	$631,200 	$633,200 	$635,400 	$637,900 	$638,300 	$638,200 	$638,900 	$642,000 	$646,200 	$650,700 	$656,100 	$658,700 	$659,700 	$658,400 	$660,000 	$664,600 	$672,500 	$675,300 	$676,600 	$676,100 	$677,700 	$680,200 	$683,300 	$688,600 	$694,200 	$700,300 	$703,900 	$706,200 	$707,500 	$713,300
Southeast	neighborhood	All Homes	$142,000 	$142,200 	$143,100 	$142,700 	$141,900 	$140,400 	$139,300 	$138,100 	$137,000 	$137,000 	$137,000 	$136,900 	$134,700 	$133,200 	$131,300 	$130,900 	$129,900 	$130,200 	$131,800 	$133,900 	$135,300 	$135,700 	$135,900 	$136,000 	$137,000 	$136,300 	$136,300 	$136,000 	$138,300 	$138,900 	$137,800 	$135,300 	$134,000 	$134,500 	$136,400 	$139,000 	$142,400 	$146,000 	$148,300 	$150,500 	$152,100 	$154,800 	$157,100 	$159,800 	$162,000 	$163,800 	$164,800 	$166,200 	$167,800 	$170,400 	$173,500 	$175,300 	$175,600 	$175,700 	$177,700 	$180,600 	$183,300 	$185,600 	$187,600 	$188,900 	$189,400 	$189,800 	$190,800 	$193,800 	$197,700 	$201,100 	$203,100 	$204,400 	$206,600 	$208,900 	$210,700 	$212,000 	$212,700 	$214,000 	$215,400 	$216,800 	$217,100 	$217,700 	$218,700 	$220,500 	$221,300 	$221,400 	$222,100 	$223,600 	$225,900 	$227,200 	$227,700 	$227,400 	$228,300 	$230,000 	$231,700 	$233,100 	$234,500 	$236,300 	$237,600 	$238,700 	$239,400 	$240,700 	$243,200 	$245,200 	$247,100 	$247,100 	$247,700 	$247,400 	$248,200 	$249,000 	$250,700 	$251,300 	$251,800 	$251,800 	$251,700 	$252,300 	$252,600 	$254,000 	$254,700 	$256,300 	$257,100 	$258,000 	$258,200 	$259,300
St. Edwards	neighborhood	All Homes	$269,600 	$272,000 	$273,600 	$275,100 	$275,100 	$275,000 	$276,300 	$275,800 	$275,900 	$274,500 	$274,000 	$272,300 	$272,500 	$271,000 	$270,100 	$268,300 	$270,100 	$271,600 	$272,200 	$273,700 	$274,400 	$277,200 	$278,500 	$281,200 	$281,800 	$282,700 	$284,000 	$285,700 	$287,200 	$289,000 	$291,400 	$292,500 	$296,200 	$302,200 	$309,900 	$315,900 	$321,000 	$326,300 	$330,200 	$334,600 	$334,600 	$335,500 	$335,600 	$338,900 	$340,000 	$340,100 	$339,400 	$341,300 	$345,600 	$352,200 	$359,100 	$364,100 	$371,800 	$379,200 	$387,000 	$391,400 	$395,800 	$397,000 	$400,100 	$399,800 	$399,300 	$395,400 	$393,900 	$395,000 	$397,600 	$400,000 	$402,200 	$403,300 	$404,500 	$409,400 	$412,600 	$417,800 	$420,200 	$423,600 	$421,800 	$420,900 	$417,400 	$417,500 	$416,800 	$421,800 	$425,400 	$425,200 	$424,200 	$423,900 	$428,200 	$429,300 	$433,500 	$435,200 	$440,800 	$442,200 	$444,800 	$444,900 	$447,100 	$449,100 	$450,100 	$450,300 	$448,900 	$450,600 	$453,300 	$455,900 	$457,800 	$458,300 	$459,600 	$457,100 	$456,000 	$455,800 	$459,800 	$461,300 	$463,300 	$463,500 	$463,700 	$465,300 	$466,400 	$470,500 	$474,000 	$481,100 	$486,800 	$493,200 	$497,800 	$505,200
St. Johns	neighborhood	All Homes	$148,100 	$147,400 	$145,900 	$145,800 	$146,100 	$145,900 	$144,700 	$142,800 	$141,600 	$139,400 	$137,600 	$135,900 	$136,300 	$135,600 	$135,000 	$133,100 	$133,100 	$133,300 	$134,200 	$133,900 	$133,700 	$135,200 	$137,500 	$140,300 	$141,800 	$144,500 	$147,100 	$149,900 	$152,300 	$154,100 	$155,300 	$157,400 	$159,700 	$161,300 	$161,600 	$161,800 	$162,400 	$161,200 	$161,200 	$162,400 	$164,100 	$166,600 	$167,800 	$169,600 	$170,200 	$171,600 	$173,500 	$175,000 	$175,800 	$178,200 	$180,000 	$180,400 	$180,500 	$180,400 	$182,100 	$182,500 	$183,700 	$186,300 	$188,400 	$191,100 	$193,200 	$195,500 	$197,600 	$200,400 	$203,100 	$206,600 	$209,900 	$214,800 	$217,900 	$217,900 	$216,600 	$215,600 	$215,900 	$218,000 	$220,600 	$224,800 	$226,000 	$226,700 	$226,600 	$227,700 	$230,200 	$233,200 	$237,800 	$241,900 	$246,500 	$246,600 	$245,500 	$241,700 	$241,600 	$241,600 	$244,000 	$245,300 	$247,200 	$246,600 	$246,200 	$246,600 	$247,900 	$249,300 	$249,800 	$250,900 	$254,000 	$258,400 	$260,800 	$260,700 	$260,300 	$262,900 	$268,500 	$271,000 	$272,400 	$273,400 	$277,300 	$281,500 	$283,000 	$283,200 	$283,800 	$286,800 	$289,400 	$290,700 	$289,100 	$289,500
Sweetbriar	neighborhood	All Homes	$164,300 	$164,500 	$164,500 	$164,100 	$162,900 	$160,800 	$159,000 	$157,400 	$156,800 	$156,600 	$156,200 	$155,200 	$153,600 	$151,800 	$150,100 	$148,400 	$148,100 	$147,900 	$147,700 	$147,100 	$146,600 	$147,100 	$147,700 	$148,500 	$148,900 	$149,500 	$151,100 	$152,900 	$154,600 	$156,200 	$157,300 	$158,100 	$159,000 	$160,300 	$162,200 	$164,600 	$167,700 	$170,900 	$172,700 	$174,600 	$175,100 	$176,700 	$177,900 	$181,100 	$183,400 	$185,900 	$187,700 	$189,500 	$190,500 	$191,900 	$194,100 	$195,400 	$198,400 	$200,300 	$203,800 	$205,200 	$208,000 	$208,500 	$209,500 	$209,900 	$211,900 	$213,900 	$216,300 	$220,500 	$224,900 	$228,900 	$231,100 	$233,300 	$235,300 	$238,600 	$241,600 	$244,900 	$247,300 	$249,700 	$250,800 	$251,900 	$251,200 	$251,500 	$252,100 	$254,300 	$255,800 	$256,600 	$257,600 	$258,700 	$259,400 	$259,400 	$259,900 	$259,600 	$259,700 	$260,400 	$262,000 	$263,800 	$265,400 	$266,900 	$267,700 	$268,700 	$270,400 	$272,700 	$275,500 	$276,900 	$278,800 	$278,800 	$280,100 	$280,700 	$282,800 	$284,800 	$286,900 	$287,700 	$288,200 	$288,600 	$289,100 	$290,900 	$292,500 	$295,100 	$296,200 	$297,400 	$297,600 	$298,300 	$299,100 	$301,100
Triangle State	neighborhood	All Homes	$439,500 	$432,100 	$427,200 	$423,600 	$421,600 	$419,500 	$417,800 	$414,100 	$411,800 	$408,200 	$404,000 	$397,700 	$396,400 	$396,300 	$395,800 	$394,200 	$389,700 	$385,200 	$379,700 	$378,900 	$380,200 	$381,600 	$386,700 	$390,300 	$393,300 	$393,900 	$396,300 	$402,200 	$412,800 	$421,200 	$428,200 	$430,400 	$436,400 	$442,600 	$448,700 	$455,800 	$465,700 	$477,100 	$487,400 	$493,100 	$492,200 	$492,600 	$492,600 	$499,600 	$502,500 	$509,000 	$513,100 	$517,600 	$519,800 	$522,200 	$524,500 	$526,500 	$531,600 	$538,000 	$547,100 	$553,200 	$557,900 	$559,100 	$562,500 	$567,200 	$568,700 	$569,000 	$570,500 	$576,400 	$579,400 	$579,100 	$576,700 	$574,700 	$573,000 	$571,300 	$564,800 	$556,200 	$554,100 	$552,400 	$549,400 	$540,300 	$538,000 	$539,100 	$540,000 	$535,400 	$531,500 	$527,900 	$528,200 	$529,300 	$529,900 	$532,200 	$532,200 	$534,800 	$530,100 	$526,500 	$521,400 	$520,100 	$518,600 	$517,200 	$519,400 	$521,700 	$521,000 	$519,200 	$520,100 	$522,300 	$525,200 	$527,000 	$533,500 	$541,300 	$549,600 	$554,100 	$551,000 	$542,700 	$536,300 	$532,100 	$528,900 	$524,800 	$522,800 	$521,200 	$517,500 	$512,800 	$508,200 	$506,800 	$508,900 	$515,000
University Hills	neighborhood	All Homes	$196,100 	$196,900 	$197,800 	$197,400 	$196,400 	$194,700 	$192,700 	$190,500 	$189,100 	$188,800 	$188,500 	$188,600 	$189,100 	$187,800 	$184,800 	$182,000 	$180,900 	$181,100 	$181,000 	$180,600 	$181,000 	$182,300 	$184,300 	$186,800 	$189,300 	$192,500 	$195,700 	$199,200 	$201,700 	$203,500 	$205,800 	$208,900 	$212,600 	$214,600 	$216,700 	$217,100 	$218,100 	$219,400 	$223,500 	$227,000 	$231,200 	$236,400 	$242,200 	$247,200 	$249,200 	$252,500 	$255,000 	$260,000 	$263,500 	$268,300 	$271,100 	$274,700 	$277,700 	$280,100 	$282,500 	$284,400 	$287,600 	$289,600 	$292,700 	$294,800 	$298,800 	$301,800 	$305,900 	$309,100 	$312,600 	$315,600 	$319,300 	$323,100 	$328,100 	$333,600 	$337,200 	$340,500 	$342,600 	$345,300 	$347,100 	$350,300 	$352,000 	$354,400 	$355,200 	$357,800 	$358,900 	$358,900 	$359,700 	$361,600 	$364,400 	$365,500 	$366,100 	$366,400 	$366,900 	$367,400 	$369,500 	$371,900 	$375,300 	$376,700 	$377,600 	$378,200 	$377,900 	$379,300 	$381,000 	$383,200 	$384,800 	$384,000 	$381,300 	$378,300 	$377,400 	$380,100 	$384,300 	$385,600 	$386,900 	$386,900 	$388,600 	$389,700 	$391,700 	$395,500 	$400,500 	$405,500 	$408,900 	$410,900 	$412,100 	$415,900
Upper Boggy Creek	neighborhood	All Homes	$270,300 	$269,900 	$269,500 	$269,900 	$269,600 	$269,100 	$267,800 	$266,200 	$265,100 	$264,900 	$264,100 	$263,400 	$262,100 	$261,200 	$260,100 	$259,600 	$260,700 	$262,500 	$263,300 	$264,200 	$264,400 	$265,300 	$266,300 	$268,400 	$271,300 	$273,100 	$274,900 	$276,000 	$278,300 	$280,200 	$282,800 	$283,500 	$286,100 	$288,900 	$293,600 	$297,400 	$302,000 	$307,900 	$313,500 	$319,500 	$321,900 	$325,000 	$327,500 	$333,300 	$337,200 	$341,300 	$343,700 	$346,700 	$349,500 	$351,600 	$354,600 	$356,500 	$359,600 	$362,200 	$365,800 	$369,900 	$374,300 	$377,200 	$379,900 	$381,700 	$382,700 	$383,400 	$385,400 	$389,000 	$394,300 	$398,500 	$402,200 	$402,800 	$404,300 	$406,500 	$409,400 	$412,300 	$415,600 	$418,800 	$419,600 	$419,300 	$417,100 	$417,200 	$418,100 	$421,400 	$423,400 	$424,400 	$425,000 	$426,500 	$428,000 	$430,000 	$432,000 	$434,800 	$436,600 	$438,500 	$441,000 	$444,500 	$448,000 	$449,600 	$450,400 	$449,700 	$448,600 	$448,900 	$449,800 	$450,900 	$453,200 	$455,100 	$456,500 	$454,500 	$454,900 	$456,600 	$461,000 	$461,800 	$462,700 	$461,500 	$462,400 	$462,900 	$463,600 	$464,300 	$465,100 	$467,800 	$469,200 	$470,800 	$471,000 	$474,700
Wells Branch	neighborhood	All Homes	$170,700 	$170,900 	$170,800 	$170,700 	$169,900 	$169,400 	$168,800 	$168,400 	$167,900 	$167,700 	$167,300 	$166,700 	$165,900 	$165,100 	$164,400 	$164,200 	$165,000 	$165,600 	$165,500 	$164,700 	$164,100 	$164,200 	$164,400 	$164,900 	$165,200 	$165,800 	$166,600 	$167,000 	$167,100 	$167,100 	$167,600 	$168,100 	$169,400 	$170,500 	$172,000 	$173,500 	$176,000 	$178,500 	$180,800 	$182,900 	$184,500 	$186,300 	$188,100 	$190,600 	$192,400 	$194,300 	$195,700 	$197,500 	$198,900 	$200,000 	$201,600 	$202,700 	$204,400 	$206,000 	$207,700 	$209,200 	$210,600 	$211,900 	$213,200 	$213,900 	$214,100 	$214,800 	$215,600 	$217,500 	$219,500 	$221,700 	$223,600 	$225,000 	$227,000 	$229,300 	$231,500 	$233,900 	$236,000 	$238,100 	$239,700 	$242,000 	$243,400 	$245,100 	$246,800 	$249,100 	$250,900 	$251,500 	$252,300 	$253,100 	$255,000 	$255,800 	$257,000 	$257,100 	$257,900 	$258,600 	$259,800 	$261,500 	$262,900 	$264,600 	$265,500 	$267,300 	$268,200 	$270,700 	$272,700 	$274,800 	$276,200 	$276,600 	$277,700 	$277,800 	$278,900 	$280,000 	$282,200 	$283,500 	$284,900 	$285,500 	$286,700 	$288,200 	$290,200 	$293,200 	$295,400 	$298,100 	$300,500 	$303,100 	$305,400 	$308,200
West Congress	neighborhood	All Homes	$164,000 	$163,300 	$162,700 	$162,100 	$161,800 	$161,800 	$162,200 	$163,400 	$163,600 	$164,000 	$163,200 	$163,200 	$162,700 	$163,200 	$163,300 	$163,200 	$162,700 	$162,400 	$162,100 	$161,800 	$161,700 	$162,000 	$162,900 	$163,400 	$164,000 	$164,100 	$164,800 	$165,500 	$166,900 	$167,300 	$167,500 	$166,900 	$168,200 	$169,200 	$171,100 	$173,100 	$176,300 	$180,500 	$185,000 	$190,000 	$194,700 	$199,200 	$203,100 	$207,500 	$210,500 	$215,100 	$218,200 	$222,100 	$224,600 	$226,600 	$228,100 	$228,300 	$228,300 	$230,300 	$233,200 	$236,900 	$239,300 	$238,900 	$239,800 	$240,000 	$241,700 	$243,000 	$244,700 	$248,900 	$254,500 	$259,000 	$262,900 	$265,200 	$269,200 	$274,100 	$278,300 	$282,200 	$284,300 	$286,900 	$289,400 	$291,800 	$291,100 	$291,000 	$290,600 	$292,600 	$293,200 	$294,300 	$295,500 	$297,800 	$300,700 	$302,500 	$304,800 	$305,000 	$306,100 	$306,000 	$307,100 	$308,700 	$310,600 	$312,600 	$313,500 	$313,100 	$313,100 	$315,000 	$317,600 	$319,100 	$320,200 	$320,200 	$322,300 	$323,900 	$326,300 	$326,900 	$328,400 	$330,500 	$332,500 	$332,800 	$333,000 	$335,200 	$337,800 	$341,900 	$344,100 	$346,000 	$347,600 	$350,600 	$353,700 	$357,000
West Oak Hill	neighborhood	All Homes	$267,900 	$268,300 	$268,300 	$268,100 	$267,400 	$266,800 	$266,300 	$265,600 	$265,200 	$265,000 	$264,800 	$264,400 	$264,100 	$263,400 	$263,200 	$263,100 	$264,500 	$265,600 	$266,400 	$266,700 	$267,200 	$268,400 	$269,800 	$271,300 	$272,600 	$274,300 	$276,200 	$277,700 	$279,000 	$280,500 	$282,000 	$283,200 	$285,100 	$286,900 	$289,300 	$292,000 	$295,900 	$299,500 	$302,500 	$305,500 	$308,100 	$311,000 	$313,900 	$318,400 	$321,600 	$324,600 	$326,400 	$328,800 	$330,800 	$333,700 	$336,900 	$339,300 	$341,300 	$343,100 	$345,300 	$346,700 	$348,000 	$349,400 	$351,800 	$353,400 	$353,900 	$354,000 	$354,600 	$357,200 	$361,000 	$364,200 	$366,400 	$367,900 	$370,900 	$374,500 	$377,000 	$379,000 	$381,000 	$383,400 	$385,500 	$387,100 	$387,700 	$388,600 	$390,000 	$392,500 	$393,800 	$393,500 	$393,700 	$395,200 	$398,000 	$400,100 	$400,900 	$400,300 	$399,700 	$400,200 	$401,200 	$402,800 	$403,800 	$405,200 	$406,300 	$407,200 	$407,400 	$408,300 	$410,300 	$412,800 	$415,900 	$417,500 	$420,600 	$422,100 	$425,100 	$427,400 	$430,800 	$432,000 	$432,900 	$433,000 	$434,200 	$435,700 	$437,100 	$439,300 	$440,100 	$441,800 	$442,900 	$444,800 	$446,100 	$449,100
West University	neighborhood	All Homes	$194,400 	$194,200 	$193,500 	$192,800 	$192,100 	$192,600 	$193,000 	$192,800 	$191,900 	$190,800 	$190,000 	$189,700 	$189,500 	$189,200 	$189,000 	$189,100 	$189,600 	$189,700 	$189,600 	$189,700 	$189,900 	$190,900 	$191,700 	$192,700 	$193,400 	$194,300 	$195,600 	$196,700 	$197,700 	$198,100 	$198,600 	$198,500 	$199,900 	$201,400 	$203,600 	$205,200 	$207,700 	$210,000 	$212,100 	$214,000 	$215,700 	$218,000 	$220,200 	$223,300 	$225,000 	$226,300 	$227,000 	$228,600 	$230,100 	$231,700 	$233,200 	$234,400 	$235,900 	$237,500 	$239,800 	$241,500 	$243,300 	$244,800 	$246,700 	$247,800 	$248,400 	$249,000 	$250,300 	$252,600 	$255,000 	$256,700 	$257,300 	$257,900 	$259,500 	$262,000 	$263,900 	$265,800 	$267,400 	$269,400 	$270,600 	$271,500 	$271,800 	$272,600 	$274,300 	$276,800 	$278,300 	$278,300 	$278,400 	$279,000 	$280,700 	$281,800 	$282,700 	$283,500 	$284,300 	$285,700 	$287,000 	$288,300 	$289,500 	$290,800 	$292,200 	$293,400 	$293,900 	$294,700 	$296,700 	$298,700 	$300,900 	$301,100 	$301,800 	$301,500 	$301,900 	$302,600 	$304,200 	$304,600 	$304,800 	$304,600 	$304,400 	$304,300 	$304,300 	$305,400 	$306,100 	$307,500 	$308,500 	$309,700 	$310,300 	$311,800
Westgate	neighborhood	All Homes	$236,700 	$237,300 	$237,700 	$238,000 	$237,800 	$236,700 	$235,700 	$234,700 	$235,200 	$234,900 	$234,700 	$233,400 	$231,900 	$229,500 	$227,900 	$226,300 	$225,800 	$225,600 	$225,600 	$226,000 	$224,100 	$223,800 	$223,200 	$224,900 	$225,600 	$228,000 	$230,000 	$232,200 	$232,800 	$232,400 	$230,900 	$229,500 	$231,100 	$234,400 	$238,800 	$242,900 	$247,100 	$251,400 	$255,200 	$258,900 	$262,800 	$268,000 	$274,200 	$280,600 	$285,500 	$289,500 	$292,600 	$295,100 	$297,500 	$299,100 	$302,100 	$304,300 	$308,800 	$312,800 	$317,700 	$321,000 	$323,800 	$323,600 	$323,300 	$323,600 	$326,400 	$329,700 	$332,600 	$336,700 	$340,600 	$344,100 	$345,500 	$346,300 	$348,800 	$353,700 	$359,000 	$363,600 	$367,000 	$370,500 	$373,600 	$375,800 	$376,500 	$378,500 	$381,000 	$385,000 	$387,600 	$389,000 	$389,300 	$390,000 	$392,500 	$395,300 	$396,800 	$397,400 	$394,700 	$393,100 	$392,500 	$396,000 	$399,000 	$401,300 	$404,900 	$407,900 	$408,000 	$406,500 	$406,800 	$409,800 	$414,900 	$417,100 	$423,100 	$425,800 	$431,600 	$434,000 	$438,200 	$438,600 	$440,600 	$442,000 	$445,000 	$446,500 	$448,100 	$451,200 	$450,600 	$450,300 	$448,000 	$449,100 	$448,200 	$450,500
Windsor Hills	neighborhood	All Homes	$146,400 	$145,900 	$145,200 	$144,500 	$143,900 	$142,900 	$141,800 	$140,100 	$138,900 	$138,000 	$137,600 	$136,800 	$136,000 	$134,600 	$133,500 	$132,500 	$132,900 	$134,000 	$134,900 	$135,000 	$134,900 	$135,300 	$135,900 	$136,400 	$137,100 	$137,800 	$139,000 	$140,200 	$140,300 	$139,300 	$139,100 	$139,700 	$141,500 	$142,700 	$143,700 	$145,800 	$148,000 	$150,900 	$152,700 	$154,300 	$156,400 	$159,400 	$161,900 	$164,100 	$165,400 	$166,900 	$168,200 	$169,200 	$170,700 	$171,700 	$173,500 	$174,500 	$175,800 	$177,400 	$179,100 	$180,600 	$182,000 	$183,400 	$185,000 	$185,900 	$186,800 	$188,200 	$190,000 	$192,600 	$195,300 	$197,800 	$199,700 	$201,900 	$204,500 	$207,700 	$210,900 	$215,000 	$218,300 	$220,800 	$223,100 	$226,800 	$230,200 	$233,700 	$236,900 	$241,000 	$244,100 	$246,500 	$248,300 	$250,200 	$252,200 	$254,100 	$255,600 	$255,300 	$254,300 	$252,900 	$253,000 	$253,700 	$255,000 	$255,600 	$256,400 	$256,300 	$256,300 	$256,800 	$258,500 	$261,000 	$263,500 	$264,800 	$266,100 	$266,000 	$266,500 	$266,700 	$268,300 	$270,100 	$272,500 	$274,100 	$275,300 	$276,600 	$278,400 	$281,400 	$284,000 	$287,400 	$290,400 	$294,300 	$297,500 	$301,100
Windsor Park	neighborhood	All Homes	$206,700 	$205,200 	$204,100 	$202,400 	$200,300 	$199,100 	$198,300 	$197,900 	$197,000 	$196,900 	$196,600 	$196,600 	$196,400 	$195,400 	$193,900 	$192,200 	$192,000 	$192,100 	$192,700 	$193,200 	$193,800 	$194,800 	$196,200 	$197,600 	$198,200 	$200,200 	$203,100 	$206,800 	$210,000 	$211,800 	$213,400 	$214,600 	$217,300 	$219,400 	$222,000 	$225,400 	$230,700 	$235,600 	$240,900 	$245,500 	$249,000 	$252,800 	$256,500 	$261,700 	$265,300 	$269,700 	$273,800 	$278,200 	$280,300 	$283,000 	$285,200 	$288,100 	$291,700 	$295,900 	$299,900 	$301,900 	$303,400 	$304,400 	$305,900 	$307,100 	$309,800 	$311,700 	$312,700 	$313,900 	$316,100 	$318,600 	$320,500 	$322,000 	$325,300 	$329,200 	$332,100 	$333,800 	$334,700 	$335,400 	$337,100 	$338,500 	$338,800 	$338,900 	$339,900 	$343,400 	$346,000 	$346,900 	$347,600 	$348,800 	$351,200 	$354,100 	$356,800 	$358,800 	$359,200 	$360,500 	$362,900 	$366,600 	$369,900 	$371,200 	$373,000 	$374,800 	$375,900 	$378,000 	$379,900 	$383,300 	$387,000 	$388,700 	$389,500 	$387,300 	$386,500 	$387,500 	$389,700 	$390,300 	$390,900 	$389,800 	$389,800 	$389,200 	$389,400 	$390,800 	$392,400 	$395,100 	$397,300 	$399,500 	$400,900 	$403,600
Windsor Road	neighborhood	All Homes	$877,200 	$878,000 	$877,000 	$875,200 	$870,200 	$868,200 	$870,300 	$870,200 	$870,600 	$873,000 	$876,000 	$877,200 	$875,700 	$872,100 	$869,400 	$867,400 	$871,400 	$876,300 	$877,100 	$879,300 	$879,300 	$881,200 	$882,400 	$886,200 	$892,800 	$899,200 	$906,600 	$915,300 	$922,800 	$928,600 	$934,300 	$937,600 	$945,800 	$952,300 	$960,500 	$967,500 	$978,500 	$989,000 	$999,700 	$1,010,700 	$1,018,700 	$1,025,900 	$1,033,300 	$1,046,200 	$1,056,400 	$1,066,900 	$1,076,100 	$1,087,600 	$1,096,700 	$1,106,700 	$1,115,300 	$1,119,100 	$1,122,800 	$1,128,500 	$1,139,500 	$1,152,400 	$1,166,400 	$1,179,600 	$1,193,800 	$1,203,500 	$1,212,700 	$1,225,500 	$1,242,100 	$1,261,600 	$1,294,700 	$1,324,800 	$1,351,700 	$1,359,400 	$1,367,200 	$1,377,300 	$1,385,600 	$1,396,800 	$1,404,700 	$1,410,400 	$1,413,400 	$1,421,100 	$1,414,000 	$1,409,800 	$1,403,000 	$1,415,300 	$1,422,400 	$1,422,400 	$1,423,200 	$1,424,200 	$1,433,900 	$1,439,900 	$1,445,700 	$1,444,900 	$1,438,700 	$1,434,500 	$1,433,500 	$1,439,100 	$1,447,900 	$1,460,400 	$1,468,400 	$1,475,800 	$1,476,200 	$1,484,500 	$1,495,000 	$1,510,000 	$1,530,600 	$1,538,300 	$1,545,000 	$1,539,300 	$1,545,300 	$1,558,100 	$1,575,700 	$1,583,800 	$1,588,900 	$1,590,200 	$1,596,300 	$1,601,500 	$1,608,300 	$1,624,600 	$1,641,700 	$1,662,800 	$1,675,100 	$1,682,500 	$1,689,700 	$1,706,200
Wooten	neighborhood	All Homes	$216,900 	$216,300 	$215,300 	$214,000 	$212,200 	$211,500 	$211,100 	$210,900 	$209,800 	$208,600 	$206,200 	$205,200 	$204,100 	$204,100 	$203,900 	$204,600 	$205,400 	$206,000 	$205,800 	$205,900 	$205,900 	$207,200 	$209,100 	$211,100 	$212,500 	$213,200 	$213,700 	$213,800 	$214,700 	$215,000 	$215,700 	$215,600 	$217,700 	$219,800 	$223,000 	$224,700 	$227,500 	$230,800 	$234,200 	$237,600 	$239,500 	$243,100 	$247,000 	$252,500 	$255,500 	$258,200 	$259,500 	$262,300 	$264,200 	$266,500 	$269,000 	$271,200 	$273,700 	$275,900 	$278,900 	$281,200 	$283,300 	$284,300 	$285,900 	$287,900 	$291,100 	$294,700 	$298,500 	$303,200 	$309,100 	$313,200 	$315,500 	$317,000 	$320,400 	$325,500 	$330,200 	$334,200 	$336,800 	$338,300 	$339,400 	$340,100 	$341,000 	$342,800 	$346,300 	$349,700 	$351,700 	$351,900 	$352,500 	$353,600 	$355,800 	$358,400 	$360,200 	$360,100 	$358,500 	$357,700 	$358,500 	$360,600 	$364,000 	$366,400 	$368,400 	$369,400 	$368,900 	$368,100 	$367,800 	$370,200 	$373,600 	$376,200 	$376,500 	$375,800 	$375,700 	$376,900 	$378,500 	$378,800 	$380,100 	$381,700 	$384,100 	$385,200 	$386,300 	$387,700 	$389,800 	$392,200 	$394,000 	$395,800 	$397,500 	$400,900
Zilker	neighborhood	All Homes	$398,000 	$397,000 	$394,800 	$394,200 	$393,300 	$392,300 	$391,300 	$390,000 	$389,100 	$388,900 	$389,400 	$389,900 	$389,700 	$388,800 	$388,700 	$387,400 	$387,800 	$388,200 	$389,100 	$390,300 	$391,200 	$392,900 	$395,000 	$397,800 	$401,600 	$406,100 	$411,800 	$417,300 	$421,700 	$424,900 	$427,700 	$430,000 	$434,100 	$439,500 	$445,800 	$451,500 	$457,300 	$462,900 	$466,700 	$470,900 	$475,400 	$481,600 	$488,000 	$496,300 	$503,400 	$511,700 	$517,600 	$524,900 	$531,200 	$537,800 	$544,200 	$549,400 	$556,000 	$563,100 	$569,500 	$573,000 	$575,600 	$574,000 	$574,800 	$573,700 	$575,000 	$576,800 	$579,800 	$587,000 	$593,000 	$597,200 	$599,200 	$601,400 	$604,700 	$609,200 	$611,300 	$614,200 	$615,700 	$618,800 	$621,000 	$621,600 	$618,200 	$615,000 	$615,300 	$619,600 	$622,900 	$625,200 	$629,300 	$634,700 	$638,700 	$638,600 	$635,800 	$632,500 	$632,900 	$636,900 	$641,000 	$644,100 	$647,400 	$649,900 	$650,300 	$648,200 	$646,900 	$647,900 	$652,100 	$656,100 	$661,900 	$664,400 	$668,100 	$669,000 	$673,300 	$679,200 	$686,500 	$690,700 	$694,400 	$698,500 	$703,700 	$709,900 	$713,800 	$719,000 	$723,000 	$729,400 	$733,500 	$737,500 	$741,500 	$749,600 
